Date,Open,High,Low,Last,Close,Total Trade Quantity,Turnover (Lacs)
2008-10-05,157,157.8,155.2,155.8,15,1720413,2688.94
2008-10-08,155.7,158.2,154.15,155.3,7,2049580,3204.49
2008-10-12,156,160.8,155.85,160.3,1,3124853,4978.8
2008-10-15,161.15,163.45,159,159.8,7,1880046,3030.76
2008-10-19,160.85,161.45,157.7,159.3,4,1281419,2039.09
2008-10-22,160,160.2,155.35,157.1,1,1145582,1805.49
2008-10-26,159.1,162.9,158.25,161.75,7,2724697,4381.6
2008-10-29,163.2,165,162.25,164,8,2540836,4163.49
2008-11-02,164.5,165.35,159,159.8,1,3257249,5252.89
2008-11-05,160.4,162.8,159.9,162.25,7,1598301,2583.68
2008-11-09,162.1,162.6,157,158.9,25,1228667,1950.57
2008-11-12,159,166.4,158,165.75,9,4943284,8096.77
2008-11-16,166.2,168.4,163.05,163.45,1,4412267,7337.93
2008-11-19,164,166.25,162.3,163.1,7,1058274,1733.67
2008-11-23,163.3,164.2,160.25,162.25,14,2067392,3350.14
2008-11-26,163,166,162.65,165.3,10,1918758,3158.04
2008-11-30,165,167.1,163.1,164.1,4,3033400,4991.85
2008-12-03,164,169.9,161.55,168.3,11,3726470,6227.17
2008-12-07,168,170,167.25,169.5,2,512878,868.66
2008-12-10,168.5,169.8,165.9,167.8,1,1762917,2960.86
2008-12-14,167.7,168.95,163.1,163.7,8,2080746,3437.64
2008-12-17,164.4,167.9,159.05,161.5,6,2358582,3874.98
2008-12-21,160.2,163,157.8,160.2,1,1175152,1883.24
2008-12-24,160.4,161.25,155.1,156.75,3,1954941,3059.76
2008-12-28,157.1,159.65,153.1,155.25,3,1842456,2891.59
2008-12-31,155,155,141.1,144.9,6,11917625,17299.48
2009-01-04,146.05,146.9,142.8,144.4,10,4246087,6161.68
2009-01-07,142.5,148.35,142.5,147.5,14,5738832,8407.83
2009-01-11,149,149.2,144.05,145,7,3835593,5596.79
2009-01-14,146.25,147.8,144.75,145.8,13,2756146,4034.8
2009-01-18,145.1,146.8,143.1,144.1,13,2997918,4355.49
2009-01-21,144.35,145.2,141.1,142.35,10,2315264,3306.1
2009-01-25,142.55,143.75,140.8,142.5,2,2305892,3285.91
2009-01-28,142,146.8,141.6,145.8,8,2505101,3641.28
2009-02-01,146.3,147.6,144,144.75,4,1855005,2699.14
2009-02-04,145,148.35,145,148.2,13,3615167,5318.02
2009-02-08,148,150.1,147.55,148.75,9,2020588,3005.77
2009-02-11,149.2,150.9,149,149.25,9,2063513,3091.19
2009-02-15,149,149.3,146.25,146.7,1,2227417,3286.14
2009-02-18,146.5,148.4,145.1,145.9,2,1547460,2267.72
2009-02-22,147.6,148.7,146.05,146.6,6,1565641,2304.46
2009-02-25,146.8,147.75,145.8,146.15,7,1385102,2029.35
2009-03-01,149.1,149.1,145.3,146.65,5,2508890,3674.98
2009-03-04,146.75,149,146.7,147.6,29,1821331,2689.55
2009-03-08,147.95,147.95,146.25,147.2,10,1285575,1889.48
2009-03-11,146.8,148.45,146.2,146.55,16,1185509,1745.97
2009-03-15,146,147.5,145,145.3,9,1102791,1608.29
2009-03-18,145.25,145.5,142.2,143.45,9,1279705,1834.35
2009-03-22,144.1,147.1,144.1,144.5,3,1678569,2443.6
2009-03-25,145.3,148.75,145.25,147.85,1,1672571,2462.36
2009-03-29,148.55,149.4,145.9,147.3,25,1833784,2704.13
2009-04-01,147.2,153.85,146.6,152.85,8,5456617,8298.94
2009-04-05,154.5,156.5,153.35,154.1,12,3101414,4817.62
2009-04-08,155.4,157.65,153.65,156.9,13,2997231,4683.08
2009-04-12,159,166.1,158,162.1,3,10232143,16618.38
2009-04-15,160.8,162.85,156.35,158.3,4,3624182,5797.01
2009-04-19,158.55,160.9,155.25,159.45,2,3188036,5054.86
2009-04-22,159.5,161.5,158.15,160,3,2258565,3620.28
2009-04-26,160.85,162.65,159.9,160.35,5,1958707,3160.15
2009-04-29,160.5,161.75,153.75,154.6,15,2116255,3351.03
2009-05-03,154.45,157,153.65,156.75,17,1816178,2819.87
2009-05-06,156.95,158.6,155.1,157.15,9,1538685,2411.31
2009-05-10,157,158.2,155.2,156.5,13,1244854,1950.31
2009-05-13,157.1,159.3,156,157.2,5,2122772,3343.22
2009-05-17,157.4,158.5,156.15,157.1,9,1740722,2738.72
2009-05-20,158.05,159.95,154.75,155.55,3,2520546,3988.81
2009-05-24,156.1,156.8,151.9,153.55,2,2340369,3600.63
2009-05-27,153.05,154.5,150.3,151.9,13,2175698,3309.89
2009-05-31,152.85,152.85,150.4,152,6,1117786,1695.44
2009-06-03,152.25,152.9,148.5,149,5,2142240,3209.54
2009-06-07,149.5,150.25,145.8,146.5,2,1884689,2784.42
2009-06-10,146.25,149.3,146.25,148.35,10,2549468,3774.17
2009-06-14,148.5,150.1,147.55,147.8,2,1992324,2959.65
2009-06-17,148.35,152.2,148.1,149.6,10,4586839,6885.96
2009-06-21,149.05,150.35,147.5,148.1,3,1191923,1769.79
2009-06-24,147.25,147.85,143.65,144.5,1,2015494,2929.81
2009-06-28,143,144.9,140.3,141.25,6,1798083,2557.45
2009-07-01,140.9,143,138.4,139,16,2281455,3211.22
2009-07-05,140,144.4,139.6,141.8,19,2441955,3477.95
2009-07-08,141.8,144.75,139.7,141.1,8,4943283,7005.22
2009-07-12,141.35,143,139.65,140.5,18,2555790,3603.27
2009-07-15,140.85,142.95,140,140.5,11,2140205,3023.42
2009-07-19,141.2,143.7,138.5,143.4,7,2866989,4052.98
2009-07-22,143.15,144.85,142.55,143.1,6,1418289,2041.25
2009-07-26,144.3,144.3,140.15,141.35,6,2905219,4119.2
2009-07-29,142.45,144.5,141.8,143.7,1,2053488,2944.82
2009-08-02,144.35,144.5,142.7,143.5,3,1411856,2030.88
2009-08-05,144.2,145.85,143.05,144.65,13,1465761,2119.11
2009-08-09,145.3,145.9,143.5,144.05,17,1486914,2145.07
2009-08-12,144,144.85,141.15,141.5,21,1390278,1979.3
2009-08-16,141.55,142.4,139.1,140.9,23,1060283,1490.75
2009-08-19,140.55,141.35,137.7,138.9,35,1078151,1500
2009-08-23,139.1,140.95,138.35,140.25,21,1294179,1811.73
2009-08-26,140.35,141.75,139.6,140.25,2,882447,1241.11
2009-08-30,139.35,141.95,139.15,141.25,4,784045,1105.59
2009-09-02,141.25,143,141.2,142,3,1204144,1711.81
2009-09-06,142.75,143,141.8,142.9,15,613301,873.85
2009-09-09,143.2,143.55,141,141.1,5,1034913,1469.54
2009-09-13,141.7,141.9,139.1,140.4,4,1868445,2619.52
2009-09-16,140.15,142.15,139.15,139.85,15,1852558,2600.32
2009-09-20,139.95,141,135.25,135.75,3,2979960,4105.11
2009-09-23,136.8,141.15,135.9,141.05,4,2995506,4182.18
2009-09-27,141.45,142.25,139.45,140.85,10,2317544,3259.93
2009-09-30,141.5,143,140.15,142.95,8,3010530,4256.23
2009-10-04,143.5,144.35,141.3,143,14,2910251,4163.87
2009-10-07,143.9,145.1,142.25,143.4,18,2127241,3064.66
2009-10-11,143.8,146,143,146,7,2110986,3045.88
2009-10-14,146.05,147.5,145.15,145.6,6,2109508,3090.43
2009-10-18,146,146.9,141.9,142.45,1,1240884,1793.26
2009-10-21,142,143.4,141,142.4,7,1237254,1760.76
2009-10-25,142.7,144.8,142.55,143.4,1,926631,1329.52
2009-10-28,143.2,143.8,141.1,141.5,11,1982788,2815.35
2009-11-01,140.7,143.2,140.7,141.1,4,1578311,2243.74
2009-11-04,143,146,142.45,143.7,11,2771806,3999.94
2009-11-08,144.15,144.15,143.2,143.7,14,125170,179.78
2009-11-11,143.15,144.85,142.5,142.8,3,1239544,1776.32
2009-11-15,142.55,144,142.4,143,4,1214418,1736.63
2009-11-18,144,144.8,142.25,142.5,9,1763657,2526.9
2009-11-22,143,143.75,141.3,141.9,14,3147980,4474.49
2009-11-25,142.85,148.6,142.3,148.2,3,3912192,5700.15
2009-11-29,150,152.7,148.1,150.05,3,4143774,6228.57
2009-12-02,151.45,154.75,148.8,154.7,5,4863298,7412.34
2009-12-06,155,155.65,152.1,153.35,13,2596842,3983.2
2009-12-09,154,154.3,149.4,151.5,2,2346430,3557.03
2009-12-13,152,153.8,150.15,152.95,7,1970278,2998
2009-12-16,149.3,152.5,148.25,151.25,2,1476512,2224.22
2009-12-20,152.75,155.95,152.5,154.2,17,3183552,4917.5
2009-12-23,155.1,155.3,152.1,152.75,5,2017657,3102.94
2009-12-27,152.2,154,151.75,152.25,8,1788771,2734.32
2009-12-30,153.85,154.9,151.1,152.8,5,1464343,2245.4
2010-01-03,153.25,153.95,150,150.75,1,1148162,1740.82
2010-01-06,151,158.2,151,157.5,3,4644106,7195.4
2010-01-10,158.25,160,155.55,156.5,5,2939902,4642.58
2010-01-13,156.95,159.3,156.15,158.1,1,2243023,3541.28
2010-01-17,157.85,159.4,155.05,156,16,3277200,5157.88
2010-01-20,156.5,157,151.85,153,7,1867200,2878.25
2010-01-24,153,154.55,151.75,153.05,13,1452937,2217.95
2010-01-27,153,154.1,151,151.2,12,1294813,1973.43
2010-01-31,152.45,153.5,146.5,149.9,19,2460179,3708.75
2010-02-03,149.45,150.9,147.8,148.35,9,1207233,1796.36
2010-02-07,148.6,148.6,146.4,146.7,14,1058888,1560.97
2010-02-10,147.05,148.3,144.9,145.25,9,1231593,1800.54
2010-02-14,145.05,146.4,144.15,144.7,6,979792,1424.64
2010-02-17,145.05,145.55,142.1,142.25,5,1475651,2114.43
2010-02-21,142.1,145.95,142.1,145,3,1219063,1762.88
2010-02-24,145.8,146.7,144.15,144.65,2,1789879,2598.42
2010-02-28,145.5,149.7,145.5,146.7,23,2352331,3463.9
2010-03-03,147,148.5,145.4,147.15,6,1851834,2725.39
2010-03-07,148,148.05,143.85,144,2,2208007,3207.68
2010-03-10,146.35,147.5,143.25,144.95,12,3658879,5314.8
2010-03-14,146,151.6,145.25,150.6,7,4970218,7374.52
2010-03-17,152.95,154.85,151.05,153.35,16,3351574,5141.38
2010-03-21,155.6,155.6,151.55,153,5,2539045,3905.09
2010-03-24,154.5,157.4,153.4,155.75,2,3246095,5062.35
2010-03-28,156,158.45,155.1,157.4,5,3014828,4730.58
2010-03-31,158.5,163,152.75,156.45,11,5629757,9004.67
2010-04-04,157.3,157.8,153,156,1,1748577,2720.85
2010-04-07,157,158.2,154.75,156.55,1,1655825,2593.44
2010-04-11,154.5,154.5,148,148.65,8,5050078,7548.4
2010-04-14,150,151,145.35,148.95,9,4293795,6351.86
2010-04-18,149.4,149.9,146.6,147.5,3,3308467,4880.48
2010-04-21,148,151.85,147.75,150.2,21,3014557,4531.68
2010-04-25,150,154,150,152.95,9,4764627,7258.03
2010-04-28,154.3,154.8,151.15,154.4,4,2556595,3917.45
2010-05-02,157,176.8,155.2,170.75,4,17064363,28176.94
2010-05-05,173.85,175.45,170.1,171.3,16,8772925,15130.67
2010-05-09,171.65,177.15,166.1,174.25,2,11693055,20262.26
2010-05-12,175.8,176.1,165.05,168,2,7414725,12678.57
2010-05-16,168.4,171.5,165.65,168.9,5,4131952,6987.01
2010-05-19,170,173.95,161.15,163.3,16,6509643,10888.76
2010-05-23,162.3,166.7,161.6,166.6,1,4149164,6818.61
2010-05-26,166,167.95,163.7,167,5,2644231,4387.12
2010-05-30,167,169,162.1,163,19,3059834,5065.77
2010-06-02,164.6,165.35,161.3,162.3,6,2957708,4823.27
2010-06-06,162.6,165.4,161.85,162.25,18,2474896,4041.91
2010-06-09,166,171.2,164.8,167.65,3,8915917,15024.93
2010-06-13,167.45,169.5,165.5,167,2,4394262,7365.66
2010-06-16,166.3,170.75,166.3,168.95,6,4512185,7627.68
2010-06-20,169,169.65,165.6,167.5,8,5084653,8519.47
2010-06-23,168,172.95,168,170.8,3,5470675,9358.11
2010-06-27,172.45,175,172.05,172.5,5,5884830,10218.17
2010-06-30,173.35,176.6,171.5,175.2,12,5379012,9371.11
2010-07-04,176.25,176.8,173.1,173.95,1,3796609,6649.77
2010-07-07,175,175,168.35,169.25,3,5474004,9344.38
2010-07-11,168.1,171.2,166,168.1,11,4246788,7163.27
2010-07-14,168.1,169.6,166.65,167,7,2054919,3444.07
2010-07-18,167.65,167.65,157.75,158.05,10,3349829,5446.75
2010-07-21,158,159.6,152.75,155.2,11,3488714,5442.65
2010-07-25,155.45,161.35,149.25,154.8,3,3284116,5096.64
2010-07-28,154.8,156.3,149.15,149.5,2,3188567,4841.91
2010-08-01,148.85,153.2,148.5,152.3,22,2443696,3695.88
2010-08-04,152.35,154,151.5,153.9,15,1859780,2848.19
2010-08-08,153.75,157.7,153.2,157.5,6,2539258,3960.97
2010-08-11,157.25,161,156.25,160.2,3,2116223,3358.75
2010-08-15,159.85,163,157.7,160.5,1,4974108,7996.8
2010-08-18,161.5,162.45,158.75,159.05,15,1938059,3108.11
2010-08-22,159.5,161.4,156.7,158.55,8,2700600,4300.12
2010-08-25,159.5,159.7,155.7,156.95,22,3001729,4724.96
2010-08-29,156.7,157.9,155.95,156.9,3,2894662,4543.21
2010-09-01,156.2,157.4,152.55,152.9,2,3156927,4866.55
2010-09-05,152.5,156.2,152.05,154.6,6,2789011,4288.36
2010-09-08,155.95,155.95,152.45,152.8,4,2757448,4221.98
2010-09-12,152.8,155.15,152.5,153.75,8,4155508,6392.01
2010-09-15,152,156.85,151.75,154.7,8,2361557,3662.11
2010-09-19,155.05,155.9,153.75,155.9,2,1677773,2598.58
2010-09-22,154.1,155.6,152.5,154.9,3,1788911,2762.97
2010-09-26,153.65,156.5,153.5,153.65,14,1890055,2934.91
2010-09-29,153.6,155.1,152.65,154.05,2,1557133,2398.36
2010-10-03,152.7,152.9,149.55,150.2,1,2393314,3610.85
2010-10-06,150.7,153,150.7,151.9,10,1212104,1839.77
2010-10-10,151.5,154.8,151.5,154.65,13,1282122,1971.83
2010-10-13,153.1,154.3,150.3,150.75,10,1521138,2307.57
2010-10-17,152.65,152.9,150.75,152.2,6,1220808,1853.86
2010-10-20,152.2,155.35,151.55,154.2,2,1212265,1865.07
2010-10-24,155.35,157.7,154.9,156.1,13,1835749,2870.42
2010-10-27,156.55,159.5,156.25,158,5,3127760,4947.97
2010-10-31,158.5,160.4,156.2,157.45,6,1803100,2856.86
2010-11-03,158.5,158.5,155,156,6,1273200,1989.69
2010-11-07,155.5,157.8,155,155.5,11,1498748,2339.38
2010-11-10,154.4,155.5,151.35,153,1,954442,1463.14
2010-11-14,153.35,154.85,152.5,153.05,11,1030109,1584.33
2010-11-17,153.4,154,150,150.95,8,3046168,4605.77
2010-11-21,151.1,154.35,151.1,153.75,3,1611331,2468.07
2010-11-24,153,156.85,153,155.3,12,1903051,2958.67
2010-11-28,156.8,156.8,153.55,154.2,16,1808768,2799.1
2010-12-01,154,163.9,154,163.6,4,5685443,9057.72
2010-12-05,163.8,164.5,160.05,161.9,9,4436559,7205.7
2010-12-08,163.05,166.5,162.5,164.35,15,3403585,5606.74
2010-12-12,165.1,166.25,162.6,164.7,5,2016606,3317.68
2010-12-15,163.5,165,160.5,162.35,6,1964477,3201.93
2010-12-19,162.85,169.85,161,167.5,3,6185414,10330.87
2010-12-22,168,171.35,166.4,168.9,12,4325265,7303.7
2010-12-26,169,170.85,166.35,166.7,7,2733612,4600.91
2010-12-29,167.05,167.6,158,159.8,1,3786842,6123.67
2011-01-02,160.7,162.7,156.9,161.1,10,2748845,4396.31
2011-01-05,160.05,165.7,160.05,164.65,13,2243468,3674.2
2011-01-09,165.7,172.9,164.1,168.95,19,6277667,10619.19
2011-01-12,168,172,167.05,169.5,6,4342518,7371.9
2011-01-16,170.2,171.8,163.65,164.9,5,3086572,5186.1
2011-01-19,165.2,166.75,161.8,165,3,2219635,3644.9
2011-01-23,165.4,165.65,159.1,161.2,1,2973253,4790.09
2011-01-26,159,161.95,154.45,160.1,5,2924724,4637.96
2011-01-30,160,161.9,158.3,159,12,2096263,3353.22
2011-02-02,159.1,162.4,157.6,159.4,13,1917772,3068.51
2011-02-06,160,162,158.4,158.7,15,1198264,1915.37
2011-02-09,158.25,161.65,158,159.3,12,2284463,3656.4
2011-02-13,158,161,157.75,160.1,3,1524087,2437.49
2011-02-16,160.45,163.35,160.45,161.15,9,3216539,5202.87
2011-02-20,160.65,163.9,158.7,159.85,10,3624666,5845.16
2011-02-23,159.6,160,157.05,157.4,20,2022489,3195.34
2011-02-27,158.4,159.3,156,156,17,1967222,3097.04
2011-03-02,156.05,158.25,151.05,152.35,1,2254205,3500.78
2011-03-06,152.75,153.9,150.8,153.25,1,3946921,6023.07
2011-03-09,154.55,155.65,153.35,155,2,2073712,3207.19
2011-03-13,154.1,156.35,153.4,155.75,12,2584790,4011.2
2011-03-16,156.8,157.5,155.5,156.3,2,2010555,3147.75
2011-03-20,157.6,159,157.1,158.15,5,526665,833.42
2011-03-23,159.25,159.25,155.95,156.45,12,1019575,1603.41
2011-03-27,156.75,157.55,156.05,156.35,16,1153614,1806.42
2011-03-30,157,158.25,156.6,157.4,2,1079352,1700.6
2011-04-03,157.15,158.95,156.9,157.25,9,4589900,7236.35
2011-04-06,158.9,161.2,158.05,160.15,1,4750346,7604.24
2011-04-10,161,164.2,160.1,163.3,13,2713036,4416.86
2011-04-13,164.8,165,160.45,161.35,1,2428509,3948.85
2011-04-17,157.9,161.5,157,160.75,5,2600609,4160.75
2011-04-20,161.05,162.6,157.25,157.65,4,1570697,2497.12
2011-04-24,158.7,159.65,157.4,158,1,1662143,2634.39
2011-04-27,158.85,158.85,155.3,155.5,1,1887415,2959.17
2011-05-01,156.7,156.95,154,154.25,13,2038270,3157.95
2011-05-04,154.95,156.15,153.65,155.25,4,2634731,4078.76
2011-05-08,154.35,161.9,154.35,159.95,21,4643861,7408.49
2011-05-11,160.5,161.35,158.6,159.45,9,1709932,2730.7
2011-05-15,160.2,163.35,157.25,157.55,1,3713745,5966.47
2011-05-18,157.1,158.1,154.6,156.95,8,1670273,2614.65
2011-05-22,157.2,158.9,156.1,156.75,17,1541039,2423.46
2011-05-25,157,158.3,155.75,156.6,30,1832296,2872.28
2011-05-29,157.2,157.55,152.5,154.2,4,1704935,2627.56
2011-06-01,154.05,155.8,153.25,154.9,2,1634296,2529.82
2011-06-05,159.5,162.4,155.7,161.7,4,7062154,11306.09
2011-06-08,162.25,163.9,159.65,161.2,20,3713876,6004.17
2011-06-12,161.85,162.9,159.25,159.6,4,1893457,3041.02
2011-06-15,159.7,164.25,157.2,164,8,3473392,5601.51
2011-06-19,164.9,165.9,162.75,162.95,10,2826458,4640.58
2011-06-22,163.7,164.2,161.4,163.15,6,1691661,2754.59
2011-06-26,163.5,164.8,160.65,160.65,20,1451138,2363.59
2011-06-29,160.95,161.45,157.7,158.15,9,1580445,2519.47
2011-07-03,158.75,158.85,154.1,154.7,4,1339740,2092.18
2011-07-06,154,157.4,154,156.05,1,1102295,1720.32
2011-07-10,156,157.2,154.4,155.35,5,1006074,1568.11
2011-07-13,155.2,157,152.5,152.8,1,1376256,2134.25
2011-07-17,152.1,154.2,151.4,151.5,9,1510454,2301.64
2011-07-20,150.7,152.2,143.3,144.55,24,2871674,4237.13
2011-07-24,144.3,145.85,137.05,145.25,9,4975475,7111.7
2011-07-27,146.45,149,146.35,147.6,3,1538715,2274.32
2011-07-31,148.5,149.7,146.55,147.35,5,1456641,2155.17
2011-08-03,147.55,148.25,145.6,147.7,1,1657451,2437.44
2011-08-07,147.8,149.05,146.75,148.7,3,1396448,2066.45
2011-08-10,148.95,149.9,146.1,146.95,5,6940283,10234.09
2011-08-14,147.15,148,145.6,146.6,5,999836,1464.89
2011-08-17,147.15,149.9,147.15,148.6,13,913003,1355.87
2011-08-21,148.8,149.6,148.1,149,23,747441,1113.03
2011-08-24,148.8,151.85,148.65,150.8,4,1347935,2033.66
2011-08-28,150.95,151.75,150.35,150.5,5,535692,809.15
2011-08-31,150.9,153.2,150.55,153,14,2043127,3114.04
2011-09-04,151.65,154.5,151.65,153.15,18,1873161,2866.56
2011-09-07,151.95,151.95,147,148.55,16,2390258,3565.59
2011-09-11,147.2,149.2,146,148.55,9,2770541,4090.99
2011-09-14,149.9,154.5,149.5,154,14,2292977,3501.39
2011-09-18,154.5,157.7,153.3,155.1,5,4013444,6224.83
2011-09-21,156.35,158.7,155.2,156.85,9,1647105,2590.49
2011-09-25,157.55,157.9,154.2,155.4,7,1558189,2417.14
2011-09-28,155.05,157,153.8,154.85,12,1383172,2140.11
2011-10-02,156.6,157.6,154.05,155.15,4,1183917,1848.1
2011-10-05,155,155.75,153.75,154.75,4,1299810,2007.98
2011-10-09,154.3,157.8,154.3,156.4,4,1000172,1563.52
2011-10-12,156.8,157.45,155.6,156.8,5,1211357,1895.53
2011-10-16,157.4,159.4,156.65,158,10,2696995,4264.27
2011-10-19,157.1,160.6,157.1,159.05,5,2326838,3695.01
2011-10-23,159.15,162.15,156.9,160.5,9,2437301,3892.41
2011-10-26,161,162,158.6,159.3,3,1634586,2614.45
2011-10-30,158.8,159.9,157.65,158.45,8,1819031,2885.37
2011-11-02,158.95,160.75,157.3,157.9,8,2823390,4476.22
2011-11-06,158.95,162.4,154.05,159.75,10,4094370,6490.15
2011-11-09,157.9,167.75,157.75,163.45,2,5423705,8901.67
2011-11-13,164,164.5,159.2,160,3,1927234,3110.99
2011-11-16,160.7,163.1,157.65,158.4,6,1567779,2516.83
2011-11-20,159.25,159.8,153.5,154.2,1,2403931,3759.09
2011-11-23,154.4,154.7,151.55,153,9,1392578,2126.97
2011-11-27,151.5,152.9,148.7,149.35,4,1470539,2209.3
2011-11-30,148.9,153.15,148,151.8,1,1719968,2596.83
2011-12-04,151.2,154.7,151.2,154.65,13,1131718,1735.14
2011-12-07,154.95,156.8,153.2,155.5,2,1727098,2675.02
2011-12-11,155.65,158.95,154.85,157.3,7,1565871,2463.48
2011-12-14,157.85,157.95,154.75,155.3,1,696970,1087.98
2011-12-18,155.5,158,155.05,156.6,1,1122120,1762.78
2011-12-21,157.4,158.5,154.45,157.25,13,1377032,2161.16
2011-12-25,157.75,162.25,156.6,159.8,14,2886605,4624.45
2011-12-28,160.95,161.5,155.3,155.5,7,1614558,2559.44
2012-01-01,156,157.3,153.6,154.9,3,1404899,2178.49
2012-01-04,155.55,156.25,153.1,153.9,5,1546220,2388.09
2012-01-08,153.9,154.5,151.9,153.5,12,2960597,4531.01
2012-01-11,153.4,156.55,153.15,156.45,9,1540677,2393.9
2012-01-15,156.75,157,152.8,155.3,14,816168,1263.62
2012-01-18,155.5,158.9,155,158.5,3,1211587,1902.4
2012-01-22,158.5,164.9,157.15,163.2,3,4314580,6991.32
2012-01-25,164,164.35,157,157.2,12,2204041,3543.11
2012-01-29,157.9,161.4,156.1,159.35,6,1419036,2253.68
2012-02-01,159.05,162.85,157.25,158.8,4,2281047,3668.1
2012-02-05,159.65,161,155.8,157.75,1,1354766,2151.99
2012-02-08,157.35,159.5,156.7,157.5,15,1773712,2802.86
2012-02-12,158.5,161.4,157.85,160.2,4,2130596,3406.94
2012-02-15,160.95,161.1,153.55,155.25,1,2248388,3513.26
2012-02-19,154.95,155.65,152.85,155,11,1343251,2069.88
2012-02-22,155.25,157.3,155.25,156.5,6,1416285,2211.87
2012-02-26,156.9,158.25,155.4,155.8,5,1268390,1989.44
2012-02-29,156.65,157.35,152.7,153.1,20,1776564,2744.14
2012-03-04,153.75,153.75,149,149.75,5,1834524,2762.52
2012-03-07,149.8,150.55,146.9,147,1,1229406,1821.99
2012-03-11,147.35,148.95,146.2,148.5,7,1328198,1961.73
2012-03-14,148,149.4,147.75,149,2,1566031,2326.57
2012-03-18,148.05,149.55,146.5,147.25,4,2029247,3012.11
2012-03-21,148.45,149.2,142.7,145.75,2,2099157,3052.8
2012-03-25,147.1,150.25,146.55,150.25,1,818899,1214.3
2012-03-28,150.25,151.2,148.3,148.85,9,1383972,2073.89
2012-04-01,148.8,151.95,148.8,151,15,575050,867.44
2012-04-04,151.95,152.1,149.8,152.1,9,843471,1273.34
2012-04-08,152.4,152.4,149.9,151.25,9,1810409,2737.89
2012-04-11,151.8,153.7,150.8,151.9,6,1142129,1737.96
2012-04-15,152.35,153,151,151.95,3,852909,1296.8
2012-04-18,152.7,162.5,152.05,160.9,18,6349564,10128.78
2012-04-22,161.65,162.75,158.6,160.55,4,3122578,5017.83
2012-04-25,161.45,163.5,157.85,158.65,31,4215595,6782.77
2012-04-29,158.9,160.25,156.05,159.35,2,1373494,2177.09
2012-05-02,159.25,161.2,157,157.25,1,1223180,1947.21
2012-05-06,157.3,157.75,151.2,152.9,2,1753170,2696.67
2012-05-09,152.9,154.65,149.65,150.2,9,3096387,4690.1
2012-05-13,150.9,151.75,145.85,148.85,3,2719219,4056.15
2012-05-16,151,152.5,149.9,150,9,2312755,3494.39
2012-05-20,150.65,150.65,146.2,146.7,4,1179218,1748.12
2012-05-23,147.65,148.15,141.4,141.8,4,3007045,4300.52
2012-05-27,141.6,144.15,141,141.9,15,3701269,5266.83
2012-05-30,142.25,143.35,141.5,142.4,5,1836583,2617.78
2012-06-03,142.25,143.15,140.4,142.8,2,2456804,3487.14
2012-06-06,143.4,144.9,142.55,143.45,20,1103984,1584.73
2012-06-10,143.85,145.9,143.5,144.6,8,1785800,2584.34
2012-06-13,144.25,144.95,138.75,139.9,6,2281538,3207.9
2012-06-17,139,140.45,136.6,137.65,8,2366296,3275.22
2012-06-20,139,141.85,138.3,140.95,14,1572681,2211.64
2012-06-24,141.4,143.9,140.55,143.1,11,2341680,3334.45
2012-06-27,143.3,145.5,139.4,142.65,3,3019872,4303.91
2012-07-01,143.15,145.9,143.05,144.25,1,2227212,3217.77
2012-07-04,145.05,146.9,143.65,146.45,9,1373721,2005.47
2012-07-08,146.85,148.5,145.45,146.1,15,2232739,3278.78
2012-07-11,147.75,150.45,147.65,147.95,4,1497623,2226.75
2012-07-15,147.8,149.25,146.8,147.45,5,1138811,1688.58
2012-07-18,147.45,148.75,144.55,146.05,3,1648427,2418.83
2012-07-22,146.15,147.5,145.05,146.85,1,702795,1028.35
2012-07-25,147,149.15,146.55,147.8,7,1010894,1497.68
2012-07-29,147.5,149.45,146.75,146.75,18,872187,1292.69
2012-08-01,146.8,149.7,146.8,148.5,11,1118631,1662.47
2012-08-05,147.4,150,147.4,148.95,1,909189,1353.39
2012-08-08,149.4,150.3,143,144.6,2,5132085,7496.33
2012-08-12,143.05,146.65,143.05,146.1,14,1343454,1949.39
2012-08-15,145.3,146.4,144.8,145.05,7,569531,827.64
2012-08-19,145,145.75,140,140.05,3,2077218,2965.56
2012-08-22,140.6,141.2,136.5,137,8,2271136,3142.58
2012-08-26,137.65,138.6,136,138.05,2,2132044,2926.25
2012-08-29,137.9,139.7,136.85,138.2,16,756591,1047.42
2012-09-02,138.8,138.8,134,134.9,24,1937914,2617.89
2012-09-05,135,138.9,134,137.2,10,877704,1200.24
2012-09-09,137.6,138.7,136,136.4,2,799419,1095.41
2012-09-12,137,137.75,133.6,133.9,12,1586596,2149.62
2012-09-16,133.6,134.45,125.7,127.9,10,2641286,3422.1
2012-09-19,127.85,130.9,127.1,128.5,2,1933262,2490.3
2012-09-23,128.95,129.5,126.8,129.15,11,1341209,1716.65
2012-09-26,129.3,134.15,128.85,132.15,10,2239733,2962.18
2012-09-30,132.95,133.9,132.3,133.2,7,970883,1292.67
2012-10-03,133.2,136.2,132.65,134.05,2,1278156,1720.83
2012-10-07,133.75,136.45,133.7,134.9,5,1019044,1377.75
2012-10-10,135.6,135.9,133,134,5,2115793,2837.31
2012-10-14,133.35,135.25,132.5,133,5,1696146,2271.11
2012-10-17,132.9,136.4,132.6,136,7,2736280,3687.65
2012-10-21,133.2,135,132.3,133.55,16,928889,1240.8
2012-10-24,132,132,128.2,129.6,2,1397938,1809.6
2012-10-28,129.75,132.75,129.15,132,1,4332991,5696.62
2012-10-31,132.5,136.1,131.3,134.95,3,2667661,3586.44
2012-11-04,135.45,138.05,135.1,136.9,10,1826569,2501
2012-11-07,137.5,138.6,135.25,135.8,8,1032972,1412.33
2012-11-11,133.1,135.6,132.2,134.9,1,1260314,1687.12
2012-11-14,135.6,141.65,135.1,138.05,6,3133999,4355.13
2012-11-18,136.1,138,134.2,134.65,1,1608817,2183.57
2012-11-21,134.9,135.7,133.2,134.45,1,1049069,1413.1
2012-11-25,134.8,135.6,133.8,134.7,10,1590741,2140.22
2012-11-28,134.9,137.8,134.25,136.8,4,1720786,2348.59
2012-12-02,137,138.2,135.75,137.1,12,1974367,2707.3
2012-12-05,137.5,139.5,136.6,138.5,2,1530200,2113.74
2012-12-09,138.95,138.95,136.6,138.05,9,804974,1109.54
2012-12-12,138.9,140,137.25,138.75,2,2108950,2921.63
2012-12-16,138.2,142.55,138.2,141.45,12,2394358,3378.35
2012-12-19,140.1,141.9,136.9,137.25,17,1965237,2742.65
2012-12-23,137,140,134.5,139.5,24,1310150,1823.96
2012-12-26,139.95,142.2,139.4,140.85,12,2009103,2839.13
2012-12-30,140.85,142.3,140.1,140.25,16,1542474,2176.94
2013-01-02,140.6,140.6,136.75,137.3,7,1245996,1720.29
2013-01-06,137.8,138.5,136.15,137.25,2,1294926,1779.17
2013-01-09,138.15,138.9,137.25,138.75,16,1150281,1589.08
2013-01-13,137.7,137.7,135.5,137.15,3,1848759,2523.61
2013-01-16,136,142.8,135.35,140,18,2328615,3262.18
2013-01-20,141.4,143.85,140.25,140.8,13,1673236,2374.57
2013-01-23,143.4,144.75,141,143.05,29,2117898,3027.33
2013-01-27,144.2,144.65,141.8,142.2,11,1550830,2216.78
2013-01-30,142,147.3,141,143.5,18,3835649,5520.4
2013-02-03,142.95,145,141.6,141.75,4,992867,1417.95
2013-02-06,142,142.65,138.25,138.85,2,1248444,1752.87
2013-02-10,139.2,140.8,136.2,136.8,2,1269206,1750.14
2013-02-13,137.7,137.7,132.1,132.8,28,1197225,1614.87
2013-02-17,134.5,134.75,129.4,130.1,5,1074691,1418.21
2013-02-20,131.2,133.7,129.75,132.2,2,1714304,2261.48
2013-02-24,132.5,132.9,130.7,131.3,3,798673,1050.35
2013-02-27,134.2,136.4,132.55,134.35,2,2189190,2943.2
2013-03-03,134.5,134.8,131.5,132.75,4,1504926,2003.37
2013-03-06,133.3,135,131.75,132.5,3,1354813,1801.53
2013-03-10,131.5,132.2,127,130,26,1043785,1359.79
2013-03-13,128.9,128.9,112.5,115.5,5,3763375,4533.74
2013-03-17,116.1,119.4,108.55,117.75,7,5056575,5810.86
2013-03-20,117.95,119.8,115.15,116.7,7,1404188,1656.95
2013-03-24,119.25,119.45,115.9,116.3,24,6857158,8010
2013-03-27,118.35,120.4,117,117.85,2,3490011,4145.58
2013-03-31,117.8,120.15,116.85,119.7,3,2010188,2394.47
2013-04-03,118.75,118.75,114.05,115.05,8,2716732,3164.18
2013-04-07,116.1,119.35,115.5,118.65,17,1927201,2277.36
2013-04-10,120.75,125,119,124.6,4,4688477,5772.22
2013-04-14,124.55,124.55,116.75,120.75,2,2496844,2994.97
2013-04-17,121.6,122.45,118.35,119.9,19,1349442,1626.4
2013-04-21,121.4,122.1,117,120.7,3,1414288,1692.06
2013-04-24,122.1,124.5,121.55,123.2,3,1569358,1940.34
2013-04-28,122,124.6,120,123.35,1,1042265,1276.1
2013-05-01,124.8,125.3,122.7,122.95,22,784377,972.27
2013-05-05,124.1,124.5,121.65,124.1,11,789201,970.86
2013-05-08,124.05,126.45,124.05,125,2,939558,1176.89
2013-05-12,126.95,126.95,122.15,123,16,695624,859.2
2013-05-15,124,126,122.9,125.3,1,1284690,1602.92
2013-05-19,123.05,126.2,123.05,125.3,5,623623,782.08
2013-05-22,126.2,127,122.9,124,1,1284630,1605.09
2013-05-26,123.35,125.35,122.25,124.95,23,1055109,1308.78
2013-05-29,124.8,125.95,123.65,124,3,1011551,1258.15
2013-06-02,125,128,123.8,127.1,2,1253307,1587.58
2013-06-05,126.5,127.6,123.1,126,35,1009942,1269.48
2013-06-09,127.4,129.4,126.65,127.65,3,915110,1171.44
2013-06-12,128.95,131.2,127.4,129.85,2,1218988,1576.66
2013-06-16,131.45,132.45,130.1,131.85,13,746173,980.21
2013-06-19,132.5,132.55,129.6,130.8,5,1009128,1321.99
2013-06-23,132.1,133.95,131.6,132.6,16,994870,1320.85
2013-06-26,134.9,134.9,131.85,133.8,3,846622,1126.76
2013-06-30,134,135.35,133.35,134.6,22,1317037,1775
2013-07-03,135,136,133.9,134.5,4,566886,764.14
2013-07-07,134.55,134.7,131.7,132.05,12,1028678,1368.62
2013-07-10,133,135,132.4,134.2,2,1428493,1914.35
2013-07-14,134.2,135,133.2,134.3,13,591991,794.31
2013-07-17,135,135.2,132.6,133.65,17,357403,477.91
2013-07-21,133.6,135.1,133.25,134.45,2,405056,544.71
2013-07-24,134.7,141.9,134.65,139,12,2469431,3446.98
2013-07-28,139.7,139.7,135.6,137.45,8,589717,812.5
2013-07-31,138.7,140,136.85,138,13,413539,572.15
2013-08-04,138.4,140.2,137.2,138.9,4,734224,1020.96
2013-08-07,138.7,139.1,135.1,135.55,11,881996,1204.09
2013-08-11,135.8,136.95,135,135.75,14,593469,807.08
2013-08-14,135.9,138.5,134.8,136.05,6,2084196,2844.74
2013-08-18,137,137.25,131,134.4,2,774022,1040.85
2013-08-21,134,135,130.95,132.6,2,621684,822.29
2013-08-25,133.3,134.15,130.8,131.5,4,519168,686.8
2013-08-28,132,133.5,131.4,131.85,3,557561,739.23
2013-09-01,131.75,132.6,127.5,127.5,6,892494,1160.19
2013-09-04,126.8,128.25,124.75,125.85,12,858491,1083.85
2013-09-08,124.9,129.45,123,129.15,4,1107840,1418.14
2013-09-11,127.3,128.45,125.3,125.7,5,525833,666.03
2013-09-15,126.7,130,126.7,128.2,10,100180,128.04
2013-09-18,128,129,126.25,127.75,4,737584,940.98
2013-09-22,127.8,129.4,126.5,128,6,580961,744.3
2013-09-25,129.7,134,128.3,133.95,5,1152357,1523.05
2013-09-29,133.65,133.65,128.1,128.2,10,922793,1205.33
2013-10-02,129.6,131.4,129.25,131.25,7,488288,637.58
2013-10-06,131.05,136,131.05,134.25,12,1149754,1547.91
2013-10-09,134.8,135,131.25,133.15,5,842444,1119.09
2013-10-13,133,135.7,132.5,134.65,16,613392,825.13
2013-10-16,134.6,136.25,134.15,136,20,1904180,2570.62
2013-10-20,134.9,138.4,134.9,136.95,1,1152280,1578.15
2013-10-23,138,138.1,135.9,137.55,7,849968,1165.48
2013-10-27,138.05,139.1,135,135.85,9,911482,1240.7
2013-10-30,136.4,137.8,135,135.95,5,565383,771.53
2013-11-03,136.1,136.8,134.2,134.9,8,689892,932.1
2013-11-06,134,135,132.75,133.6,3,758581,1014.28
2013-11-10,134.1,135.8,134.1,135.2,4,476940,644.25
2013-11-13,134.95,138.5,134.5,134.6,4,1271238,1729
2013-11-17,135.15,136.3,130.4,132.2,4,1152536,1547.19
2013-11-20,132.15,135.8,131.9,135,8,704236,947.59
2013-11-24,135.3,135.8,131.2,133.5,4,836942,1118.18
2013-11-27,131.9,135,131.65,134.2,2,773849,1035.44
2013-12-01,134.85,134.85,132.75,134,10,589790,789.08
2013-12-04,134.4,138.85,134.15,137.2,7,1191657,1629.29
2013-12-08,137.6,142.8,136.3,142.35,2,1707401,2391.93
2013-12-11,142.45,144,141,142.2,5,1147660,1633.27
2013-12-15,141.55,144.3,141.3,142.95,4,1040800,1486.74
2013-12-18,143.6,144,140.3,141,6,609093,864.77
2013-12-22,142,142.8,141.05,142.15,8,561726,796.72
2013-12-25,143,146.45,142,144.6,7,1428993,2070.14
2013-12-29,144.9,145.25,143.45,143.85,5,780709,1125.27
2014-01-01,144.4,144.4,141.2,141.9,9,1260484,1794.94
2014-01-05,142.5,147.4,141.5,146.25,24,1746109,2531.27
2014-01-08,147,148,144.2,146.5,5,1464755,2140.74
2014-01-12,146.05,148.8,145.5,146.4,1,781067,1148.71
2014-01-15,145.9,147.2,142.25,143,7,950484,1367.84
2014-01-19,144,149.5,142.2,148.65,13,1502760,2195.84
2014-01-22,147.1,149.8,144.5,145.2,6,834054,1225.47
2014-01-26,144.1,144.7,139,139.5,7,1034747,1461.84
2014-01-29,140.65,146.75,140.1,144.1,2,1284440,1841.84
2014-02-02,143.2,144,140.95,141.6,5,1201860,1714.3
2014-02-05,142.4,143.45,138.05,139.9,7,1353097,1896.92
2014-02-09,141.75,141.95,130.3,135.4,5,1907971,2586.28
2014-02-12,132.1,136.25,131.15,133.9,2,1431102,1916.53
2014-02-16,135,135.4,127.5,127.65,3,1756768,2297.61
2014-02-19,128,129,121.05,122,10,2065711,2571.55
2014-02-23,122.95,127,121.55,126.45,2,1411260,1766.28
2014-02-26,124.6,124.6,120.5,122.8,13,1278069,1560.91
2014-03-02,123.05,124.55,119.5,121.55,7,1322358,1613.85
2014-03-05,123.85,126.9,121.95,125.3,16,1084192,1349.05
2014-03-09,125.85,127,123.4,124.15,4,682689,855.91
2014-03-12,124.95,125.95,123.3,124.45,5,655053,815.65
2014-03-16,124.95,125.4,122.6,123.2,28,1539708,1901.94
2014-03-19,124.1,127.45,123.35,126.75,1,925581,1162.35
2014-03-23,126.8,128.3,125.2,126.6,10,592819,752.61
2014-03-26,127.4,127.7,123.55,124.1,1,734748,923.04
2014-03-30,123.05,124.8,121,121.65,1,877186,1080.52
2014-04-02,123.1,123.4,120.4,122.5,1,1120485,1366.68
2014-04-06,121.9,123.95,121.45,123.5,7,797137,976.55
2014-04-09,123.05,126.1,122.5,123.85,34,1227619,1528.91
2014-04-13,123,124.4,120.1,121.25,2,1109232,1349
2014-04-16,120.5,121,116.45,118.65,8,1654991,1954.04
2014-04-20,112.7,115.8,102.4,107,6,5524328,6005.93
2014-04-23,103.25,106.4,100,104.45,10,2087141,2152.86
2014-04-27,105.1,108.45,105.1,105.9,15,1091675,1163.62
2014-04-30,107.7,108.9,102.2,102.6,8,1341261,1412.03
2014-05-04,103,104.6,101.1,104.35,11,1268061,1304.05
2014-05-07,105.4,106.5,102.5,105,4,1429030,1493.94
2014-05-11,105,108.2,104.25,107.25,5,1340622,1431.57
2014-05-14,107.3,109.85,107,109,6,1151733,1253.34
2014-05-18,109,109.5,105.1,106.5,12,1037357,1111.6
2014-05-21,106.2,108.3,105,106.8,12,758132,809.55
2014-05-25,107.8,108.05,102.5,107.2,4,9364686,9939.52
2014-05-28,107.95,108.5,103.8,104.8,4,2381968,2512.03
2014-06-01,105,107.1,101.6,103.8,14,1639500,1719.38
2014-06-04,104.2,109.5,104.2,109,1,1481271,1591.12
2014-06-08,110,112.75,109.45,109.6,10,1220668,1351.06
2014-06-11,110.5,111.25,107.95,109.85,2,1260507,1382.47
2014-06-15,110,113.9,109.15,113.75,4,1377634,1536.64
2014-06-18,114.3,116.4,113.1,115.6,2,1677380,1927.34
2014-06-22,115.65,117.5,114.55,116.7,5,1555016,1812.31
2014-06-25,117.8,118.1,115.4,116.9,6,1177827,1370.57
2014-06-29,116.55,117.6,115.05,115.95,14,1170769,1358.32
2014-07-02,116.05,117.35,113.9,115.5,5,1609295,1852.75
2014-07-06,116,116.4,115,115.7,5,1082982,1250.14
2014-07-09,115.7,116.1,114.1,115.25,9,964165,1109.23
2014-07-13,116,116.95,115,116,12,1396728,1617.02
2014-07-16,116.5,119.65,115.95,118.6,2,2062464,2442.85
2014-07-20,119.2,120.9,118.75,119.7,5,839802,1006.63
2014-07-23,121.05,123.3,120.45,121.5,11,1469400,1792.49
2014-07-27,121.6,122.15,118.65,119.5,1,1230385,1478.76
2014-07-30,120,121,118.5,119.05,13,1382616,1653.92
2014-08-03,119.1,120.4,118.4,119,1,3588313,4282.06
2014-08-06,119.9,125,119.5,121.45,10,1922207,2319.85
2014-08-10,122,122.3,120.3,121.2,1,1627181,1972.21
2014-08-13,122,124.2,120.2,122.15,18,1532533,1873.57
2014-08-17,122.85,123.45,120.75,120.85,3,831737,1013.25
2014-08-20,121,121.15,118,118.2,2,1663091,1986.04
2014-08-24,119.6,120,115,118.35,4,1327276,1576.32
2014-08-27,118.1,120.4,118.1,118.4,3,1147382,1370.59
2014-08-31,118.5,119,117,117.6,3,648096,765.29
2014-09-03,118,120.25,117.85,119.35,7,1050521,1254.56
2014-09-07,119.5,120.1,118.05,118.6,33,788617,938.67
2014-09-10,119.05,121.35,118.95,120.5,4,928735,1116.52
2014-09-14,120.85,121,119.1,120.4,8,765331,918.68
2014-09-17,120.2,123.2,119.55,121.8,6,1572869,1904.59
2014-09-21,122.4,122.75,119.55,120.1,7,892645,1079.74
2014-09-24,119,121.85,119,120.3,8,716365,863.98
2014-09-28,120.4,121.9,120,120.9,2,782130,943.57
2014-10-01,120.6,122.5,120.6,121.55,4,984070,1199.34
2014-10-05,122.5,123.95,121.95,122.4,8,1949554,2396.79
2014-10-08,122.5,123.5,120,120.4,13,2142054,2587.18
2014-10-12,121,121.05,119,120.1,8,869948,1042.22
2014-10-15,119.35,121.8,119,121.7,19,717595,860.64
2014-10-19,121.6,122.55,119.15,119.2,11,1356187,1638.36
2014-10-22,119.8,119.8,116.3,116.65,8,894057,1054.9
2014-10-26,117,117.8,115.3,117,3,745000,868.5
2014-10-29,116.55,119.5,115.8,118.7,1,654231,772.29
2014-11-02,118.9,120.4,117.45,118.6,11,1207381,1437.25
2014-11-05,119,119.95,118,118.4,8,526190,625.29
2014-11-09,117,118.25,116.3,117.5,10,622661,731.78
2014-11-12,117.75,119.2,117.25,119,20,596225,704.54
2014-11-16,118,120.7,118,119.5,6,1103386,1319.18
2014-11-19,119.55,121,118.45,120.75,2,688646,825.83
2014-11-23,121,121.4,119.6,120.5,28,1068540,1287.08
2014-11-26,120,121.75,119.55,120.65,2,641976,776.14
2014-11-30,120,122,118.95,119.8,9,1085102,1306.62
2014-12-03,119.9,121.15,119.5,120.1,17,466672,561.05
2014-12-07,120.5,124.1,119.7,120.5,3,1396870,1705.09
2014-12-10,121.7,122.2,119.7,121.7,7,1438192,1732.8
2014-12-14,120,121,119.15,119.5,12,1787665,2143.66
2014-12-17,120,120.25,118.15,118.35,2,1383549,1646.87
2014-12-21,118.1,119.4,116.85,117.05,6,676137,797.88
2014-12-24,118,119.65,117.3,117.9,9,692008,819.71
2014-12-28,117.8,119.1,117.55,118.1,12,658231,777.45
2014-12-31,118.2,119.45,117.85,117.9,11,581341,689.22
2015-01-04,118.5,119.8,117.65,119.65,8,549738,651.64
2015-01-07,120.95,122.1,119.7,120.35,8,1783456,2152.68
2015-01-11,120.35,121.2,118.6,119.35,9,866406,1034.82
2015-01-14,119.4,120.35,118.85,119.7,1,690551,826.5
2015-01-18,119.3,126.5,118.9,126,4,2390316,2952.57
2015-01-21,127.3,127.45,124.6,125.05,1,2825223,3554.62
2015-01-25,125.3,126,122.7,123.75,5,900666,1119.05
2015-01-28,122,129,122,127.9,3,4305954,5461.09
2015-02-01,129.4,129.5,126,126.35,24,2902578,3705.09
2015-02-04,127.25,128.15,126.6,126.75,1,1662070,2116.66
2015-02-08,126.9,128.55,123.8,125.8,6,1489092,1881.45
2015-02-11,126.5,128.35,124.7,125.4,1,1717907,2178.65
2015-02-15,124.55,127.15,124.55,126,3,732869,923.88
2015-02-18,126.3,126.8,125.1,125.15,3,447117,563.25
2015-02-22,125.6,128.65,124.7,127,8,2792498,3546.81
2015-02-25,127.5,128.15,125.6,126.4,3,1408701,1784.79
2015-03-01,120.5,124.85,117.1,123.4,4,3585896,4327.25
2015-03-04,124.75,126.4,124.3,125.95,6,2162032,2715.77
2015-03-08,127.5,128.6,126.75,128.25,4,2563561,3275.46
2015-03-11,128.15,130.9,128.1,129.55,17,2735697,3551.68
2015-03-15,130.5,131.95,129.45,131.6,11,2810587,3671.52
2015-03-18,132,136.75,131.5,134.25,8,5379977,7243.79
2015-03-22,135.6,135.8,133.8,134.5,9,1144671,1539.68
2015-03-25,134.25,136.15,133.2,133.75,8,942568,1269.1
2015-03-29,133.5,136.4,133.45,134.4,22,2125346,2871.1
2015-04-01,134.45,134.6,131.45,132.55,3,1296935,1718.88
2015-04-05,134,135,132.7,133.1,3,1689644,2259.91
2015-04-08,133.45,135.15,132.5,132.75,24,1612081,2157.91
2015-04-12,132.9,133.8,131.1,132.2,5,1306338,1726.29
2015-04-15,132.9,133.3,131.6,132.9,4,1093389,1448.93
2015-04-19,134,134.5,132.25,132.6,7,1587827,2112.71
2015-04-22,133,133.45,129.15,129.55,4,2283784,3004.79
2015-04-26,131.5,131.5,128.8,130.95,6,3903542,5074
2015-04-29,130.35,134.8,130.35,133.9,2,1887075,2518.99
2015-05-03,134.8,134.8,131.15,131.55,10,1884426,2501.25
2015-05-06,131.9,132.9,131.2,131.3,24,2012357,2649.89
2015-05-10,131.75,134,131.2,133.25,9,1656721,2195.84
2015-05-13,133.45,134.55,130.55,131.2,5,1271947,1687.67
2015-05-17,131.45,138.75,131.45,137.65,11,3576969,4878.82
2015-05-20,138,142.25,136.55,140.1,21,3754038,5255.56
2015-05-24,140.9,144.7,139.2,142.5,7,3056272,4351.61
2015-05-27,143,144.85,138.25,141,3,1987955,2823.73
2015-05-31,141,141.8,138.1,138.4,7,1175233,1646.87
2015-06-03,138.4,140.05,135.1,135.6,3,1451654,1996.69
2015-06-07,136,139.4,135.5,138.15,1,1515003,2088.78
2015-06-10,138.5,140.65,138.5,139.45,2,1427614,1988.02
2015-06-14,138.55,143.5,138.4,142.7,14,2430227,3446.81
2015-06-17,143.9,147,139.15,142.7,16,8549636,12302.18
2015-06-21,144.25,144.5,137.25,137.45,4,3289526,4614.1
2015-06-24,137.5,139.25,135.75,137.9,1,1140212,1568.72
2015-06-28,137.8,139.45,136,136.75,3,1024054,1414.49
2015-07-01,136.9,139.1,136.1,137.65,2,1518494,2088.3
2015-07-05,138.8,139.4,137.15,137.7,3,778141,1074.7
2015-07-08,138.45,139.55,137.85,138.75,1,901208,1250.08
2015-07-12,139.85,141.85,138.75,141.05,1,2298138,3228.51
2015-07-15,142,142.05,138,138.4,6,1398679,1947.98
2015-07-19,138.7,141,138.4,139.9,12,1282978,1791.19
2015-07-22,140.4,142.45,139.8,140.2,19,2956023,4163.7
2015-07-26,143.4,145.5,140.1,140.6,1,4868511,6958.79
2015-07-29,141,141.7,138.9,139.8,11,1468343,2058.33
2015-08-02,140.55,141.15,137.8,139.05,2,1604324,2231.58
2015-08-05,139.65,140.75,138.75,140.1,1,1832319,2561.91
2015-08-09,140.1,141.6,140,140.1,5,1401308,1969.16
2015-08-12,140.25,143.35,140,141.1,23,2493654,3534.56
2015-08-16,141.4,142.6,141,141.8,13,1681308,2384.65
2015-08-19,141.9,143.25,141.25,141.7,3,1300643,1852.52
2015-08-23,141.75,144.2,141.3,142.5,8,2381717,3401.42
2015-08-26,142.25,143.5,141.8,142.25,15,1155009,1647
2015-08-30,142.2,142.7,138.8,139.5,1,1199464,1687.44
2015-09-02,137.9,138.4,134.95,135.5,2,2248691,3060.59
2015-09-06,135.2,138.2,135.1,137.5,12,1045853,1429.46
2015-09-09,137.35,138.5,136.3,137,16,1451283,1991.88
2015-09-13,138.35,141.7,137.85,139.7,9,3029995,4235.35
2015-09-16,139.85,141.3,138.95,139.55,4,1362666,1906.02
2015-09-20,139.7,140.35,137.5,137.65,10,1787917,2480.4
2015-09-23,138,140.35,137.6,138,13,1635459,2272.11
2015-09-27,139.15,139.95,137.7,138.55,2,1204798,1671.52
2015-09-30,138.9,144,138.1,142.25,2,3538509,5004.07
2015-10-04,143.45,144.25,140,140.45,5,2769361,3938.54
2015-10-07,140.9,146.4,140.55,146.25,7,3316650,4746.09
2015-10-11,148.1,149.15,145.6,146.85,3,6464628,9527.29
2015-10-14,147.9,148,134.35,137.4,4,4753568,6621.12
2015-10-18,136.95,140.9,136.2,139.55,5,1471713,2041.23
2015-10-21,140.95,143.15,139.8,142.45,1,1927658,2741
2015-10-25,142.5,143.25,138.75,142,5,2678079,3782.65
2015-10-28,141.95,154.4,140.45,152.85,3,9741635,14554.9
2015-11-01,153.95,155.45,148.6,151.25,4,6256632,9528.1
2015-11-04,152.3,154.5,150.6,151.4,4,4097231,6233.4
2015-11-08,151.9,153.95,151.1,152.15,8,2063455,3145.51
2015-11-11,151.45,153,145.1,147.5,3,3116651,4631.63
2015-11-15,149,154.2,147.4,153.3,3,3968866,6001.16
2015-11-18,153,154.25,149.2,150.15,7,3180180,4826.62
2015-11-22,150.95,152.7,150.75,151.4,3,2736835,4153.1
2015-11-25,152,157.7,150.85,154.15,17,6685790,10411.71
2015-11-29,155.95,156.65,151.95,152.5,4,2780284,4276.92
2015-12-02,152.45,154.2,151.15,151.95,9,1751366,2667.13
2015-12-06,152.9,156,152,153.5,1,2715234,4200.26
2015-12-09,149.05,151.75,148.4,149.95,4,3234883,4848.43
2015-12-13,148,151.2,144.05,144.5,1,3586046,5290.8
2015-12-16,139.5,141.2,135.65,138,2,8524741,11813.66
2015-12-20,138,141.3,138,139.5,11,2281364,3195.54
2015-12-23,140.65,141,139,139.2,3,428310,598.95
2015-12-27,139.4,140.75,138.3,138.5,9,1497745,2087.7
2015-12-30,138,138,134.5,134.95,4,2026448,2751.99
2016-01-03,134.1,136.25,130.8,131.5,3,2063211,2736.84
2016-01-06,131,132,126,126.4,2,4614456,5932.76
2016-01-10,127.7,130.4,127.25,128.35,1,1948286,2510.17
2016-01-13,130,131,126.55,127.95,12,2758553,3546.48
2016-01-17,118,122.9,114.95,122.3,14,5272740,6252.64
2016-01-20,124,127.1,123.65,125.3,5,2170482,2726.12
2016-01-24,123,125.35,117.25,119.8,14,3058329,3676.04
2016-01-27,119.8,119.8,114.25,116.9,3,2405650,2821.05
2016-01-31,123.1,125.3,120.4,120.8,7,4703414,5766.07
2016-02-03,121.7,122.8,115.2,118.4,31,1306586,1571.34
2016-02-07,118.9,121,118.3,120.9,13,2008909,2408.65
2016-02-10,120.1,121.8,114.9,115.8,5,1976322,2322.63
2016-02-14,117.8,118.8,116.05,117.45,18,3411500,3996.57
2016-02-17,118.8,118.9,116.85,117.75,10,2170944,2551.58
2016-02-21,117.65,117.65,114.5,115.2,6,2220419,2571.17
2016-02-24,116,119.2,115.6,118.8,10,1474301,1729.5
2016-02-28,118.55,121.8,117.5,120.75,3,1738935,2098.12
2016-03-02,122.8,124.2,121.5,122.45,13,1993986,2444.39
2016-03-06,122.95,124.4,122.5,123.8,5,1616908,1998.63
2016-03-09,124.65,124.65,121.55,121.85,1,1205710,1487.76
2016-03-13,121.5,123.4,120.3,121.7,1,1343432,1636
2016-03-16,121.45,124.85,121.1,124,11,1401882,1726.87
2016-03-20,123.8,125.25,122.8,123.6,11,1486818,1846.66
2016-03-23,124.35,124.5,120.75,122.5,17,1217621,1497.39
2016-03-27,123,125.1,123,123.75,21,1090370,1354.02
2016-03-30,124.35,124.6,123.5,123.7,24,920060,1141.18
2016-04-03,123.9,125,122.1,123.45,1,760874,942.51
2016-04-06,124.05,125,123.05,123.4,15,502421,621.51
2016-04-10,123.85,124.8,122.4,122.95,37,826188,1021.86
2016-04-13,122.5,126.85,122.2,124.4,1,2212399,2759.52
2016-04-17,125,125,122.95,124,3,804735,997.33
2016-04-20,124.8,126.1,124,124.05,2,923038,1153.8
2016-04-24,124.8,125,120.75,121.2,3,646197,790.28
2016-04-27,120.75,122.95,120.75,121.95,5,677057,826.44
2016-05-01,122.4,122.4,119,119.3,22,839802,1006.49
2016-05-04,119.5,119.8,118,118.7,24,749376,891.02
2016-05-08,118.8,118.85,116.3,117.4,2,425216,498.73
2016-05-11,117,121.05,116.45,120.05,2,728501,870.77
2016-05-15,119.2,122,119.2,119.8,4,866902,1047.42
2016-05-18,119.6,122.15,119.6,121.3,6,1025503,1241.44
2016-05-22,121.1,123.3,121.1,122,5,1017447,1244.54
2016-05-25,122.8,124.2,121.35,123.55,12,1102178,1354.06
2016-05-29,122.8,125.4,122.8,124.75,1,580430,721.93
2016-06-01,125,126.05,123.8,124.1,3,656213,818.98
2016-06-05,124.75,125.65,124.55,125.3,8,503565,630.23
2016-06-08,125.4,126.95,124.05,124.5,7,1255021,1573.67
2016-06-12,124.75,125.5,123.95,124.75,9,414927,517.65
2016-06-15,125.5,125.5,123.8,124.5,2,533212,663.16
2016-06-19,125,127.9,124.55,127.65,5,839283,1061.75
2016-06-22,128.3,128.4,124.05,124.9,6,1403598,1764.05
2016-06-26,126.9,130.9,126.65,128.15,2,3617760,4668.88
2016-06-29,128.2,128.4,127,127.6,9,538746,688.06
2016-07-03,128.6,129.4,126.55,127.5,15,851814,1090.57
2016-07-06,128,130.45,127.7,128.5,10,1059940,1367.68
2016-07-10,129.8,131.55,129.15,130.25,11,1308883,1708.02
2016-07-13,130.25,131.35,126,126.9,4,961631,1233.64
2016-07-17,127.6,128.4,126.6,127.65,2,746313,952.83
2016-07-20,128.8,128.95,126.85,128.5,10,996229,1272.85
2016-07-24,129.25,129.25,127.45,128.3,5,909771,1166.6
2016-07-27,128.35,129.95,128.35,128.8,4,759876,982.7
2016-07-31,129.1,131.8,128.1,130.25,3,1256759,1635.01
2016-08-03,130.5,132,128.5,128.7,24,1614154,2100.16
2016-08-07,129.05,130.65,127.35,129.85,7,1221969,1580.78
2016-08-10,132.45,138.8,132.4,137.4,10,6652685,9084
2016-08-14,138.2,143.9,137.1,141.55,18,3569132,5036.55
2016-08-17,141.9,144.75,141.2,142.8,21,2127506,3039.13
2016-08-21,142.1,145.8,140.1,141.9,10,2205918,3157.09
2016-08-24,141.95,146.9,141.35,145.85,7,2162887,3121.95
2016-08-28,146,147.15,143.05,143.75,27,1726818,2498.72
2016-08-31,143.95,145.5,142.6,144,22,1367413,1969.94
2016-09-04,144.9,146.85,141.25,141.5,3,2224197,3183.39
2016-09-07,142.4,143.7,139.95,140.9,5,1395593,1978.89
2016-09-11,140.9,142.85,138,138.4,16,1193620,1672.79
2016-09-14,139.2,140.7,138.1,140.65,29,942382,1314.08
2016-09-18,140.9,141.95,139.65,139.8,7,952450,1341.58
2016-09-21,141,142.6,139.8,141.4,2,1517679,2144.39
2016-09-25,142.15,143.2,141,141.7,21,1671915,2369.22
2016-09-28,142.55,142.75,139.6,139.75,4,1296093,1827.19
2016-10-02,140.05,140.9,138.7,139.1,1,1340126,1871.67
2016-10-05,139,140.45,138.35,138.45,5,1129032,1574.65
2016-10-09,139.15,139.85,136.75,138.15,8,1513693,2088.58
2016-10-12,138.5,145.8,138.25,144.1,2,4919352,7066.2
2016-10-16,145.45,145.75,140.05,141.1,4,1765255,2518.52
2016-10-19,141.1,144.2,140.1,143.25,4,1672938,2381.46
2016-10-23,143.95,145.2,142.1,142.8,11,2043052,2933.15
2016-10-26,143,144.15,142.2,142.4,3,727617,1040.72
2016-10-30,142.4,143,140.05,140.8,2,1103877,1561.79
2016-11-02,140.6,142.35,140.2,140.6,28,1073015,1515.67
2016-11-06,140.85,142.25,136.75,137.15,10,1671172,2322.75
2016-11-09,140.2,140.4,138.6,139.6,8,838219,1169.88
2016-11-13,139.6,142.1,139.3,140.95,2,1279451,1805.03
2016-11-16,141.6,145.5,141.35,144.45,16,3987646,5746.46
2016-11-20,145.7,145.7,142.25,144.5,2,1898811,2738.14
2016-11-23,144.8,147.45,144.8,146.55,6,2675495,3920.26
2016-11-27,147,148.45,145.1,145.6,2,2955856,4332.96
2016-11-30,145.55,145.55,142.2,142.75,35,2306755,3313.05
2016-12-04,143.9,152.5,143.2,151.7,6,6422298,9552.1
2016-12-07,152.9,153.15,150.5,150.85,12,3485991,5286.28
2016-12-11,151,151.9,148,148,2,2933289,4381.41
2016-12-14,149.9,153.9,148,153,10,2740120,4110.55
2016-12-18,151.7,153,149.5,150.1,2,2092924,3168.41
2016-12-21,151.45,152.75,149.7,150,9,3022795,4557.84
2016-12-25,151.45,152.1,150.1,150.5,9,1193137,1803.31
2016-12-28,150.65,153.5,150.3,151.3,9,1788548,2722.96
2017-01-01,152.8,154.8,151,152.75,10,2011288,3079.38
2017-01-04,152.9,154.35,151.25,152.55,14,2295942,3509.67
2017-01-08,152.8,154.45,150,150,42,1444642,2202.25
2017-01-11,151.5,152.25,149.4,150.55,3,1857915,2800.01
2017-01-15,151.5,153.75,151.05,153.7,15,2064221,3146.21
2017-01-18,153.95,153.95,150.3,151.8,18,1907247,2899.6
2017-01-22,152,153,149.8,150,1,1272204,1929.81
2017-01-25,151,151,148.55,149.05,21,830703,1242.12
2017-01-29,149.1,152.5,147.5,147.7,10,1563947,2356.03
2017-02-01,147.9,150.8,147.5,150.6,12,1092317,1632.17
2017-02-05,150.25,153.6,150.25,152,5,1540540,2346.43
2017-02-08,153.5,153.9,149.7,151.2,6,1293698,1966.07
2017-02-12,151,153.25,151,151.5,1,1079887,1642.96
2017-02-15,152.4,153.15,151,151.6,18,945527,1437.23
2017-02-19,152.45,156.6,151.6,154.05,16,4161713,6433.14
2017-02-22,155,155.4,151.55,152,2,1388038,2122.54
2017-02-26,153.4,154.7,152,152.8,19,1132516,1736.48
2017-03-01,154.3,161.45,153.75,157.5,4,6827849,10835.58
2017-03-05,158.85,158.85,155.55,156.25,18,1523044,2385.92
2017-03-08,156.3,158.3,154.8,155,1,1653237,2581.07
2017-03-12,156.5,156.5,151.1,152,1,1349536,2073.09
2017-03-15,152.8,154.15,151.95,152.45,1,1239593,1897.26
2017-03-19,153.2,155.15,152.55,154,27,939148,1444.34
2017-03-22,154.9,156.35,153.9,154.65,11,1186929,1838.9
2017-03-26,155,156.2,153.2,153.75,4,589464,910.88
2017-03-29,154,154.75,151.65,152.6,8,940916,1435.63
2017-04-02,152.65,155,152.45,154.55,8,1012554,1558.96
2017-04-05,154.6,155.45,153,153.85,10,1306020,2013.41
2017-04-09,154,154.65,152.5,152.5,8,1161590,1779.67
2017-04-12,152,152.6,147,147.1,7,1233917,1847.07
2017-04-16,149.5,153.8,148.35,149.3,10,2744849,4157.98
2017-04-19,149.8,151.15,147.2,147.95,16,1098727,1636.02
2017-04-23,148.05,148.4,143.65,144.7,6,1355129,1972.13
2017-04-26,145.2,146.1,140.2,142,13,1755862,2511.75
2017-04-30,143.45,144.65,142.1,143.25,2,1842806,2641.78
2017-05-03,144,147.25,143.5,146.9,2,1417686,2068.14
2017-05-07,147.2,147.5,143.9,144.9,3,977041,1425.46
2017-05-10,145,146.2,143.7,145.45,37,1513053,2196.49
2017-05-14,148.55,151,147.55,149.7,5,3325237,4964.89
2017-05-17,148.35,154,148.25,153.05,2,2952069,4485.21
2017-05-21,153.1,158.35,152.15,154.6,6,3603942,5621.37
2017-05-24,155.05,156.5,152.9,154.8,3,1647207,2549.95
2017-05-28,155,155.65,152.2,152.5,1,1290705,1983
2017-05-31,152.65,156.4,152.4,155.1,2,1943703,3006.86
2017-06-04,155.1,156.9,153.4,154.2,12,1479812,2293.76
2017-06-07,154.9,155.65,152.8,154,1,1319642,2033.52
2017-06-11,153.5,154.5,151.75,151.8,4,1438107,2198.67
2017-06-14,152.45,157.7,151.7,155.75,5,3463217,5359.78
2017-06-18,156.95,160.45,155.05,158.15,13,4815053,7637.53
2017-06-21,158.45,162.75,157.6,158.75,15,3647423,5845.75
2017-06-25,159.95,161.8,157.7,157.8,15,1968954,3144.41
2017-06-28,159,159.55,155.9,156.3,2,1362450,2137.51
2017-07-02,156.75,158.65,155.55,156.6,4,1212404,1905.12
2017-07-05,156.8,159.4,156.05,156.65,2,2770731,4366.89
2017-07-09,157,158.6,154,154.2,6,2216575,3452.47
2017-07-12,154.6,155,149.8,151.3,2,1980476,3003.79
2017-07-16,151.15,151.95,145.75,147.4,5,1465569,2168.84
2017-07-19,147.25,150.2,146.4,149,6,2135161,3171.42
2017-07-23,149.95,151.7,147.9,149.5,17,2280933,3427.43
2017-07-26,148,151.7,147.1,150.5,1,1854572,2787.02
2017-07-30,152.5,155.65,150.75,151.65,1,8680232,13243.65
2017-08-02,153.7,154.15,149.75,150.1,14,3080845,4670.92
2017-08-06,151.5,157.1,150,156.3,9,5849123,9038.88
2017-08-09,156.5,157.8,152.75,153.25,13,4873097,7546.37
2017-08-13,153.15,158.9,153.1,157.65,2,6442241,10106.02
2017-08-16,159,167.85,157.1,167.2,2,4761386,7866.08
2017-08-20,167.05,172.8,167.05,169.25,8,12571250,21392.59
2017-08-23,171.05,174.8,169,173.35,21,10623109,18368.34
2017-08-27,175.35,176.7,171.2,174.75,7,5222043,9084.43
2017-08-30,175.9,175.9,172.05,174.25,4,2831387,4932.13
2017-09-03,174.25,179.3,172.6,176.95,12,4882663,8646
2017-09-06,176.1,178.7,173.05,173.95,1,3264325,5734.23
2017-09-10,173.8,177.4,173.7,175.1,2,4161102,7313.99
2017-09-13,175.4,176.25,170.3,171,26,2791324,4827.35
2017-09-17,171.9,173.85,169.7,172.5,2,4670938,8039.92
2017-09-20,172.2,174.3,169.45,170.4,4,2636591,4536.3
2017-09-24,170.5,172.25,169.2,171.7,18,2103806,3600.42
2017-09-27,172,175.35,170.75,172.35,4,3803339,6583.98
2017-10-01,173.85,173.85,167.7,168.4,10,2370296,4031.92
2017-10-04,167.9,170.65,166.85,168.85,3,2290563,3860.48
2017-10-08,169.5,172.4,168.35,170.1,4,1896521,3230.5
2017-10-11,171,171.75,166.75,167.8,14,2140964,3622.9
2017-10-15,168,168.55,164.2,164.85,8,2009220,3334.75
2017-10-18,165.95,169.4,164.5,167,3,2895078,4845.26
2017-10-22,164.7,167.6,163.85,166.35,1,2298689,3815.79
2017-10-25,167,171.7,167,170.5,6,2548868,4339.35
2017-10-29,171.8,171.8,165.6,166.25,12,2372930,3988.91
2017-11-01,165.5,166.9,160.45,161,2,1267995,2082.83
2017-11-05,161.85,163.5,153.2,157.3,3,2470478,3921.42
2017-11-08,155.1,164.8,152.05,163.4,2,6027593,9628.51
2017-11-12,166,180.3,165.1,177.3,16,9368807,16312.73
2017-11-15,182.5,196.75,181.5,194,1,29191015,55755.08
2017-11-19,194,197.4,189.8,190.9,9,10381703,20050.09
2017-11-22,189.8,196.4,188.05,195.7,4,10030010,19308.69
2017-11-26,196.65,203,194.4,196.5,5,15744338,31403.67
2017-11-29,197.15,199.5,188.85,190.6,13,7466196,14417.1
2017-12-03,191.5,197.45,189.15,196.75,7,7522673,14522.9
2017-12-06,197.3,198.3,193.7,194.2,21,4587179,8960.23
2017-12-10,195,196.3,192.05,193.9,19,3684762,7147.52
2017-12-13,192.95,197.5,189.35,190.55,27,5679382,10969.25
2017-12-17,193,198.15,192.35,197.5,11,7173447,14034.74
2017-12-20,198.5,200.7,196.1,198.2,7,7760949,15413.6
2017-12-24,198.25,200.65,196.3,197.8,19,3401210,6743.59
2017-12-27,198,198.4,190.5,193.3,4,4372250,8461.6
2017-12-31,194.3,197.4,193.3,197.15,2,3442385,6738.89
2018-01-03,195.1,207.2,194.6,206.5,4,14490021,29584.24
2018-01-07,207.95,209.3,204.8,205.4,2,5862028,12129.82
2018-01-10,206.1,210.8,205.45,206.55,24,6430260,13393.1
2018-01-14,209.2,211.05,207.3,209.4,10,3393087,7098.12
2018-01-17,212,213.65,210.15,211.7,1,4884083,10349.32
2018-01-21,214.65,214.95,206.2,208.8,7,4637092,9768.64
2018-01-24,208.5,213.8,207.35,212.5,11,2980684,6266.23
2018-01-28,211,213.7,208.85,210.1,9,2608124,5500.51
2018-01-31,212.65,215,210.7,213.45,6,2491966,5303.92
2018-02-04,213,220.2,212.85,216.4,4,9580786,20840.29
2018-02-07,216.4,216.85,213.1,213.65,7,2906933,6234.53
2018-02-11,214,214.8,207.3,213.5,1,2914695,6159.43
2018-02-14,211,211,200,201.2,4,3851873,7911.13
2018-02-18,201.45,202,192.3,197,21,4019965,7877.39
2018-02-21,196,206.45,195.3,204.95,2,5546594,11185.5
2018-02-25,206.5,207,196.65,198.5,19,3331256,6727.73
2018-02-28,199.05,204.5,198.7,204,9,4602566,9312.65
2018-03-04,204.5,209.9,203.4,206.6,6,3721338,7700.44
2018-03-07,207.25,210.55,205,206.85,3,1985873,4118.57
2018-03-11,207.3,207.7,203.15,205.7,5,1964885,4032.28
2018-03-14,204.95,210.55,204.55,210.5,14,2228532,4637.19
2018-03-18,210,212.25,208.65,209.6,10,2534607,5332.72
2018-03-21,209.65,211.35,207.65,208.25,2,1653094,3454.22
2018-03-25,209.5,211.15,207.7,208.5,18,2125747,4448.8
2018-03-28,209.45,216,205.6,209.75,5,6891689,14629.38
2018-04-01,211,212.9,208,212,1,3902627,8224.13
2018-04-04,211,214.2,209.25,210,4,3171251,6713.26
2018-04-08,210.3,211.85,207.1,209.4,16,2658347,5563.4
2018-04-11,210.4,213.35,209.05,210.55,7,3269191,6898.79
2018-04-15,211.45,211.45,205.6,207.5,25,4687271,9730.6
2018-04-18,207.9,207.95,203.7,203.85,1,532661,1095.73
2018-04-22,205.5,207.45,202.6,203.75,9,2952899,6030.3
2018-04-25,204,210.25,203.55,209.7,13,3568231,7402.2
2018-04-29,211,211.5,203,205,6,2640192,5437.31
2018-05-02,204.95,210.85,203.4,209.7,14,4964383,10341.97
2018-05-06,211.3,221.8,209.75,221.7,2,8891566,19257.33
2018-05-09,225,230.25,222.5,226.5,1,13953152,31569.51
2018-05-13,226.95,228.25,223.15,227.5,7,5175219,11696.96
2018-05-16,226.95,231.4,226.35,228,7,3608627,8238.83
2018-05-20,227.9,231.25,223.4,226.95,3,7866167,17834.16
2018-05-23,227,227.9,224.35,225.5,2,1920643,4331.7
2018-05-27,224.9,236.9,224,234.45,20,6994467,16298.62
2018-05-30,235,235.5,221.3,225,7,5306883,12105.05
2018-06-03,226,228,222.55,225.4,7,3299527,7424.32
2018-06-06,225.8,241.6,225.3,239.85,7,11299727,26521.93
2018-06-10,240.7,244,234.65,236.3,5,7726311,18509.13
2018-06-13,236.3,239.8,232.85,233.95,9,2923051,6914.92
2018-06-17,234.7,248,228.4,246.4,5,15847309,37901.49
2018-06-20,237.9,253.35,237.9,252.15,6,17805319,44321.86
2018-06-24,254,254.65,247.2,251.25,4,6292626,15781.35
2018-06-27,252.25,260.8,250.8,258.95,11,6857865,17611.63
2018-07-01,261.15,276.25,259.25,275.15,13,13458563,36047.39
2018-07-04,275.9,280.75,271.15,273.5,22,12063135,33327.37
2018-07-08,273.5,275.85,267.75,275,11,5015906,13645.79
2018-07-11,273.15,276.95,270.5,276.25,7,3371088,9240.31
2018-07-15,275.05,280,275.05,277.2,8,3855810,10704.91
2018-07-18,277.5,278.4,274.3,277.75,18,2208868,6106.05
2018-07-22,277,289.8,276.5,287.2,2,11258640,32227.87
2018-07-25,287.3,290.65,278.3,279.05,1,6464166,18367.29
2018-07-29,278.9,292.2,277.55,288.1,24,9944314,28436.36
2018-08-01,288.45,293.6,282.6,284,15,7150041,20637.33
2018-08-05,285,286.5,276.4,280.3,25,5784862,16212.97
2018-08-08,279.4,283.75,278.15,280.4,19,4876970,13694.44
2018-08-12,278.9,282.95,273.6,275.3,13,4358618,12100.11
2018-08-15,276,284.85,275.65,284.8,3,3820082,10662.6
2018-08-19,287.55,289.9,285.05,288.05,8,4297335,12354.21
2018-08-22,290,299.55,285.9,297.85,1,8045275,23729.27
2018-08-26,298.6,298.6,286.65,287.45,1,6874578,20150.22
2018-08-29,290,292.5,282.2,284.8,5,6799578,19574.91
2018-09-02,288,288.25,279.2,284.5,7,5575066,15810.93
2018-09-05,289,289.95,286.15,287.1,2,3036814,8735.39
2018-09-09,280,293.95,275.1,291.6,11,5912782,17013.97
2018-09-12,292,301.45,291.7,300.7,17,8383608,24973.97
2018-09-16,301,303.8,297.75,302,19,4692403,14149.92
2018-09-19,302.25,303,298.15,300.2,15,2280137,6845.56
2018-09-23,301,306.35,299.7,302.8,9,4703911,14271.47
2018-09-26,303.7,307.7,300.55,305.5,24,3956481,12073.55
2018-09-30,305.5,308.8,302.5,305.65,16,3315278,10164.51
2018-10-03,306.5,309.3,303.55,306.8,7,4620000,14164.22
2018-10-07,308.05,318,306.35,316.05,20,6874520,21586.26
2018-10-10,317.75,317.8,311.8,313.45,6,1602814,5040.75
2018-10-14,314.3,314.95,307.55,310.7,22,2014415,6252.42
2018-10-17,311.9,315.15,310.15,310.95,12,2073353,6469.92
2018-10-21,312,313.5,307.25,312.3,10,2703849,8380.41
2018-10-24,312.3,315.85,310.35,312.85,1,1896601,5938.16
2018-10-28,314.65,319.2,312.2,317.45,3,2171903,6855.32
2018-10-31,317.6,319.65,314,314.7,25,2411068,7628.8
2018-11-04,315,319.1,312.55,314.25,1,2517494,7944.49
2018-11-07,314,316.7,311.8,313.1,1,3481728,10911.99
2018-11-11,315.05,328.35,315,325.95,16,14484043,46643.39
2018-11-14,327.7,328.75,321.65,323.7,1,4519030,14701.51
2018-11-18,323,326.9,311.45,317.6,10,4683847,14922.72
2018-11-21,313.85,317,307.55,314.05,2,3742677,11717.46
2018-11-25,315.05,315.75,301.4,304.5,22,3408593,10502.65
2018-11-28,306,310,300.95,309.9,6,3653286,11183.31
2018-12-02,307.05,314.95,306.6,309,3,3278437,10171.94
2018-12-05,310.7,310.7,304.05,307.7,2,4416130,13560.72
2018-12-09,306,310.7,302.8,303.7,9,2154759,6585.37
2018-12-12,304,311.25,301.65,305.3,8,3631793,11123.41
2018-12-16,305.25,306.8,300.7,301.3,16,1806919,5489.77
2018-12-19,300.95,307.3,299.45,304,4,2590100,7871.4
2018-12-23,302.9,303.7,286.1,291.15,6,5397599,15929.24
2018-12-26,290.25,294.9,278.6,289.55,14,4593306,13229.01
2018-12-30,284,285,260.25,274.6,8,6697007,18375.08
2019-01-02,265.1,276.9,255.15,275.5,3,6833906,18386.99
2019-01-06,259,270.3,253.25,266,1,7044561,18431.55
2019-01-09,270,284.4,270,279.65,4,8055761,22500.69
2019-01-13,282,286.5,276.1,280.4,3,5863983,16553.84
2019-01-16,271.1,279.8,271.1,278.65,2,3121544,8655.43
2019-01-20,282.4,289.6,279.7,284.25,17,4583181,13079.39
2019-01-23,287.95,289,280.9,281.5,1,2455660,7003.26
2019-01-27,284.35,285.25,276,279.85,5,1807307,5082.79
2019-01-30,280.25,282.75,274.2,275.5,11,1925414,5331.07
2019-02-03,277,277.05,263,269,3,2620461,7022.82
2019-02-06,268.7,274.2,261.65,263,7,5120799,13695.83
2019-02-10,265,268.85,262.2,266.5,7,3638163,9678.53
2019-02-13,265.95,269.9,261.1,262.9,2,5466484,14389.22
2019-02-17,264.2,271.9,263,271.2,3,3895920,10479.23
2019-02-20,273.55,274.8,271.55,274.8,11,3672359,10027.43
2019-02-24,275,279.7,273.1,275.4,6,4778178,13208.65
2019-02-27,273,277,272,275.4,7,2808234,7727.14
2019-03-03,275,277.35,274.1,275.45,5,2322191,6392.67
2019-03-06,274.8,276.95,270.55,276.6,21,4680138,12811.25
2019-03-10,276.7,283.1,271.45,272.5,9,6601857,18367.89
2019-03-13,272,274.45,265.15,268.9,9,4847214,13070.84
2019-03-17,270.5,274.2,265,273.15,1,2246589,6068.8
2019-03-20,275.9,275.9,266.6,268.5,3,1614381,4376.16
2019-03-24,270,276.65,269.7,276,3,2583575,7052.02
2019-03-27,278.05,281.3,273.2,278.2,11,3095190,8590.75
2019-03-31,275.25,281.25,275.25,279,5,2056369,5729.14
2019-04-03,278,284.4,277.25,279.55,22,2877987,8081.81
2019-04-07,280.8,282.7,271.05,272.55,10,2762357,7633.86
2019-04-10,272.6,273,258.35,260.65,5,3665423,9640.91
2019-04-14,259.7,263.65,255.1,263.3,16,2855717,7453.21
2019-04-17,265.3,266.3,262.15,262.9,5,1477158,3901.51
2019-04-21,264.65,264.65,257.6,259.1,4,1681596,4369.46
2019-04-24,251.05,258.9,250,258.2,3,2297852,5859.45
2019-04-28,258.05,263.5,253.7,263.45,5,2440719,6332.93
2019-05-01,264,265.75,260.75,264,3,3071911,8092.83
2019-05-05,261.25,264,257.5,259.15,1,2283408,5951.18
2019-05-08,259.35,278.4,259.35,277.45,5,6610831,17918.02
2019-05-12,276,277.55,271.7,275.3,13,2613360,7162.95
2019-05-15,276.7,279.05,269.55,270.15,6,3283985,8975.77
2019-05-19,274.55,277,271.5,273,1,2658707,7260.79
2019-05-22,274.8,275.65,271,272.7,15,1852060,5047.58
2019-05-26,275,281.65,273,276.75,1,4623765,12889.29
2019-05-29,280.2,280.7,274.1,275.8,2,2190930,6065.36
2019-06-02,276.1,276.35,271.5,273.85,3,1996390,5454.47
2019-06-05,273.9,277.8,271.65,273.9,3,2149205,5896.21
2019-06-09,274,277.35,271.75,275.7,8,2196800,6024.34
2019-06-12,274,280.2,272.55,279.4,7,3030999,8371.24
2019-06-16,282,285.25,277.5,280.6,5,5799262,16355.69
2019-06-19,282.3,287.45,279.25,285.35,14,4719061,13416.32
2019-06-23,286,288.65,283.6,285.55,11,2434183,6966.56
2019-06-26,285.95,288.8,283.65,286,21,2523492,7225.36
2019-06-30,287.7,287.8,282.65,283.2,9,1687369,4794.16
2019-07-03,283,288,281.8,283.7,3,2131466,6075.2
2019-07-07,283.05,291.25,282.05,289.1,6,4804882,13808.09
2019-07-10,292.5,293.65,288.75,291.2,18,4942803,14401.35
2019-07-14,293.45,294.4,291.05,291.4,4,1858644,5443.94
2019-07-17,293.9,298.5,292.05,297.85,6,3046154,9025.87
2019-07-21,297.4,300,289.4,293,11,1857277,5479.6
2019-07-24,292.75,292.75,283.1,286.45,8,2561225,7355.63
2019-07-28,287.05,291.5,282.3,287.9,9,1399442,4014.1
2019-07-31,288.8,295.5,287,295.05,1,1848551,5387.46
2019-08-04,296,296.2,287.25,289.5,4,1720983,4998.87
2019-08-07,289.6,294.35,288.6,292,1,1820409,5311
2019-08-11,292.95,293,283.45,284.15,4,1446384,4157.17
2019-08-14,284.4,290.5,284.4,287,10,1974327,5685.22
2019-08-18,280,281.35,251.85,257,2,16822847,43913.37
2019-08-21,256.45,259.5,240.75,242.45,2,9298329,23074.68
2019-08-25,240,245.6,237.25,241.4,6,6328483,15295.87
2019-08-28,243.5,249.3,242.5,247.5,20,7108750,17573.66
2019-09-01,248.3,248.95,243.35,245.1,25,3297714,8103.65
2019-09-04,244.1,248.35,240.55,244,4,3180360,7762.71
2019-09-08,244,251.1,244,247.6,31,3175432,7874.05
2019-09-11,246.5,252.35,245.55,250,1,4295785,10726.5
2019-09-15,251,255.5,247.3,255,4,2921253,7380.24
2019-09-18,252.2,259.4,252.2,258.5,1,2071496,5324.08
2019-09-22,254.7,262.2,254.65,260.7,12,2649349,6862.75
2019-09-25,257.4,262.7,257,257.9,2,2235734,5803.91
2019-09-29,254,266,253.2,265.7,13,4154146,10876.9
2019-10-02,267,272,260.7,269.05,3,3469905,9239.62
2019-10-06,269.7,269.7,258.55,265.1,1,2622839,6920.49
2019-10-09,265,265.4,253.5,255.5,11,1819147,4706.54
2019-10-13,255.5,264.7,254.8,264.2,7,4208120,11030.56
2019-10-16,262.75,266.7,260.35,265.55,7,2052017,5408.38
2019-10-20,266.9,269.7,263.3,267,11,1527128,4075.26
2019-10-23,263.7,269.35,263.55,266.7,1,1104173,2945.64
2019-10-27,265.6,271.25,262.7,263.25,7,3538690,9470.3
2019-10-30,262.75,268.4,262.75,267.2,10,1206633,3209.4
2019-11-03,267,270.5,265.35,270,2,1232644,3311.87
2019-11-06,269.8,278.75,268.2,278,17,3646744,10067.32
2019-11-10,279.15,281,271.45,272.2,8,3133233,8614.03
2019-11-13,271.55,276.85,269.15,274.9,9,1541522,4214.24
2019-11-17,274.65,274.65,266.05,267,9,6224725,16640.21
2019-11-20,263.7,264.75,257,260.55,15,3367252,8755.18
2019-11-24,258.05,262.35,255.5,258.15,6,3020580,7806.4
2019-11-27,257.9,263.55,256.45,261.95,31,2459832,6442.71
2019-12-01,260.1,266.95,260.1,264.55,8,2103452,5563.82
2019-12-04,264.8,269.7,263.3,264.6,3,2208389,5886.61
2019-12-08,265.1,268.4,261.2,263.15,1,2234204,5905.05
2019-12-11,263,268.25,261.45,265.05,10,4511203,11917.5
2019-12-15,262.7,270.15,262.7,269.2,11,2077927,5519.02
2019-12-18,271,273.1,263.25,264.5,15,3661633,9740.9
2019-12-22,264.5,284.5,262.7,280.1,2,6676660,18483.41
2019-12-25,281,281,275.35,277.7,11,3598212,9999.82
2019-12-29,277.45,282.4,270,271.8,3,2338411,6459.01
2020-01-01,269.8,273.25,265.7,266.2,5,2022333,5443.53
2020-01-05,268.25,276.2,267,275.3,5,2267486,6168.1
2020-01-08,275.9,277.8,272.55,274.55,12,1284523,3532.63
2020-01-12,274.8,275.45,267.45,270,12,1407688,3811.57
2020-01-15,270.4,272.45,264.35,264.5,9,2250217,6045.37
2020-01-19,265,265.75,257.55,258.3,15,3357333,8804.57
2020-01-22,257.9,257.9,242.1,243.9,2,3454849,8566.75
2020-01-26,241.55,251.85,240.3,247.5,13,3158004,7794.77
2020-01-29,248.4,249.6,232.7,238.1,2,3343525,8021.22
2020-02-02,239.7,243.3,228.6,232.5,1,4223216,9934.06
2020-02-05,231.25,240.95,231.25,238.9,6,3003282,7143.47
2020-02-09,238.9,244.25,235.25,243.05,19,2351769,5645.48
2020-02-12,244,249.2,241.9,246.3,10,2278457,5607.3
2020-02-16,248.5,248.5,235.8,236.05,6,2310430,5596.44
2020-02-19,235.9,242.95,234.5,239.5,11,3996921,9565.1
2020-02-23,241,243.95,239.15,242.5,15,1581985,3821.97
2020-02-26,243.7,247,240.9,243.65,13,1867720,4544.83
2020-03-01,243.4,249.65,241.5,247.1,14,4422342,10917.34
2020-03-04,248.7,254.95,234.35,235.1,9,13272609,32325.56
2020-03-08,232.5,238.05,230.4,235,10,5700851,13328.52
2020-03-11,236,239,232,235.2,6,3357945,7893.32
2020-03-15,235.15,240.45,234.15,240,15,2560616,6080.87
2020-03-18,241,241.55,235.3,237.5,3,1963538,4677.58
2020-03-22,237.25,240.5,235.05,236.35,3,1807313,4305.39
2020-03-25,236.65,239.85,235.3,237.25,3,1127248,2676.63
2020-03-29,237.3,237.95,231.1,233.65,5,2035594,4757.48
2020-04-01,233,236.45,232.25,235.2,11,1948583,4573.57
2020-07-26,235,238.5,235,237.4,12,1885288,4459.96
2020-07-29,236.05,242,235.95,240.35,13,2551480,6106.81
2020-08-02,240.8,244.5,239.2,242.7,5,2838238,6885.52
2020-08-05,244,247,243,244.7,9,1690225,4141.83
2020-08-09,246.9,246.9,239.25,240.9,17,3272005,7941.4
2020-08-12,240.3,240.6,233.1,235.5,1,1553953,3662.36
2020-08-16,234.5,237.2,230.2,231.5,12,1838417,4289.35
2020-08-19,231.8,239.35,231.05,236.8,8,1990020,4689.94
2020-08-23,237,239.3,231.3,232.9,11,2374782,5571.77
2020-08-26,233.85,237.7,232.7,234.2,17,1394661,3280.33
2020-08-30,235.35,237.3,232.1,237.3,9,1921327,4516.57
2020-09-02,237,239.75,232.95,234.65,2,3353833,7913.21
2020-09-06,236,243.55,235.05,236.85,16,5242852,12538.39
2020-09-09,238.2,238.2,222.6,223.45,11,3554859,8163.82
2020-09-13,222,224.6,215.2,222.1,5,3023097,6674.93
2020-09-16,224,225,218.2,220.95,5,1738824,3856.72
2020-09-20,221,224.5,219.1,223.15,1,1232507,2742.84
2020-09-23,222.5,235.15,220.65,221.05,13,7514106,17130.29
2020-09-27,222.5,225.4,214.85,216.35,8,3508990,7735.81
2020-09-30,216.35,223.7,212.65,221.65,37,4570939,10002.01
2020-10-04,223.45,236.7,223.3,234,9,6377909,14784.5
2020-10-07,233.15,238,230.25,236.4,4,3170894,7445.41
2020-10-11,237.9,239.25,233.5,235.5,4,2614794,6163.7
2020-10-14,235.95,237.2,233.45,234.6,3,1362058,3202.78
2020-10-18,235,237,227.95,233.75,3,5395319,12589.59
2020-10-21,233.55,239.2,230.75,234,5,3423509,7999.55
2020-10-25,233.3,236.75,232,236.25,1,2349368,5503.9
2020-10-28,240,240,232.5,235,1,2240909,5248.6
2020-11-01,234.55,236.8,231.1,233.8,3,5082859,11859.95
2020-11-04,234.05,235.95,230.2,233.5,3,3069914,7162.35
2020-11-08,234.55,234.6,221.05,230.3,16,1534749,3486.05
2020-11-11,230,237.5,225.75,226.45,1,1708590,3960.27
2020-11-15,223.5,227.8,216.15,217.25,1,1728786,3815.79
2020-11-18,217,218.6,205.9,210.25,7,3519515,7407.06
2020-11-22,208,222.25,206.85,216,1,4642146,10062.83
