Date,open,high,low,Close,%K,%D,Volume,Volume MA,Plot,Plot,Developing Poc,Developing VA High,Developing VA Low,Developing Poc,Developing VA High,Developing VA Low,4EMA 3,4EMA 6,4EMA 13,4EMA 21,VI +,VI -,ADX,#¿NOMBRE?,#¿NOMBRE?,Key Level,Plot,Plot,ADX,#¿NOMBRE?,#¿NOMBRE?,Key Level
18/05/2020,9612.847965,9898,9471.41,9680.625,71.15036731,72.50990058,54006.11729,64945.63024,328720.3279,0,9700.702125,9738.02875,9578.0575,NaN,NaN,NaN,8297.046966,9410.554117,8117.037606,9023.29362,1.229145033,0.988007905,35.05912854,23.48539722,10.3485126,23,530.351616,0,51.68263965,21.04074273,6.65680943,23
19/05/2020,9646.736482,9840,9330,9567.7975,63.44854237,69.19711539,41818.36588,59602.73431,0,41818.36588,9744.375,9801.75,9661.5,NaN,NaN,NaN,8342.430914,9439.143823,8131.473028,9072.793973,0.839844542,1.116379632,34.84717033,22.10964216,11.36655638,23,466.2904836,0,49.80765112,17.37417527,10.32858706,23
20/05/2020,9607.266991,9607.266991,8951.22,9262.445,47.69345609,60.76412193,59731.29844,58800.69185,0,101549.6643,9498.475668,9561.275498,9256.247749,NaN,NaN,NaN,8375.28856,9407.016765,8142.72648,9090.034976,0.553885903,1.249332155,33.49193219,20.45010066,14.84708341,23,349.6095306,0,47.73652781,13.57141787,20.70500018,23
21/05/2020,9434.855996,9434.855996,8818,9086.4875,34.21318042,48.45172629,46964.48064,59582.29827,0,148514.145,9064.8375,9170.625,9019.5,NaN,NaN,NaN,8400.688522,9348.738716,8152.117137,9089.712478,0.597769818,1.318283489,31.86570486,19.00558835,15.32384283,23,216.3913571,0,46.60226965,10.79453675,20.8874352,23
22/05/2020,9260.671748,9304.88,9081.1,9201.2975,30.14040092,37.34901248,27058.97937,58117.16286,0,175573.1243,9173.40925,9254.5295,9159.423,NaN,NaN,NaN,8429.281699,9321.931223,8162.556743,9099.856571,1.154502068,1.359712162,30.35563663,18.49519286,14.9123207,23,124.7523238,0,45.54902994,9.878002525,19.11394091,23
2020-05-23,9230.984624,9297.99,9008,9139.855,30.24070618,31.53142917,26797.21405,57210.4509,0,202370.3384,9200.118375,9268.991,9138.4955,NaN,NaN,NaN,8454.659317,9288.826455,8172.281103,9103.492792,1.369815287,1.26639546,28.73592608,17.82707656,15.28423111,23,18.2822137,0,45.09091049,8.683683305,19.85072672,23
2020-05-24,9185.419812,9185.419812,8649,8891.2325,30.75378514,30.37829741,46543.6709,57220.04965,0,248914.0093,8784.811667,8931.488267,8703.324667,NaN,NaN,NaN,8470.251217,9216.536645,8179.434849,9084.196401,0.477135927,1.144553206,27.11146914,16.63033422,18.7509199,23,-114.9100794,0,46.38722288,6.786432918,30.13576916,23
2020-05-25,9038.326156,9038.326156,8705.01,8806.25,25.59362452,28.86270528,32352.45113,55780.94865,0,281266.4604,8892.9005,8935.08,8827.714,NaN,NaN,NaN,8482.251173,9141.939073,8185.671815,9058.928547,0.651629907,1.298554795,25.60304484,15.91538703,17.94480756,23,-236.4034512,0,47.59094154,5.801856898,25.76367029,23
2020-05-26,8922.288078,9230,8700,8950.9025,30.4394516,28.92895375,38293.13174,54296.94112,0,319559.5922,8852.375,9110.75,8779.5,NaN,NaN,NaN,8498.988721,9107.205151,8193.286051,9049.107997,1.059074534,0.948361689,23.89803925,17.3038744,16.71434992,23,-289.7210854,0,45.8131192,12.59771722,19.99723769,23
2020-05-27,8936.595289,9510,8936.595289,9302.9175,47.32959213,34.45422275,44579.89058,51778.63489,44579.89058,0,9173.62625,9350.365,9110.9125,NaN,NaN,NaN,8527.700463,9142.789214,8204.32716,9072.181588,1.209882454,0.572528702,23.03694605,19.63628054,15.47781184,23,-229.2345705,0,43.65360413,21.01678083,15.3507525,23
2020-05-28,9119.756394,9620,9119.756394,9466.47,68.72240483,48.83048285,40097.61621,51287.87974,84677.50679,0,9508.915375,9541.16575,9426.49775,NaN,NaN,NaN,8561.227946,9201.640266,8216.885795,9108.025989,1.390962653,0.636752562,22.50001065,19.78919999,14.47192466,23,-118.7372797,0,42.44945021,21.21338455,12.24741343,23
2020-05-29,9293.113197,9600,9293.113197,9470.1675,81.28364349,65.77854681,30232.39755,47243.72159,114909.9043,0,9542.625,9586.5,9431.25,NaN,NaN,NaN,8593.690073,9250.4634,8229.35626,9140.947945,1.441710416,0.888493855,22.00142779,18.97451136,13.87613945,23,-72.46390143,0,41.33130728,18.36614363,10.60357689,23
2020-05-30,9381.640349,9738.89,9381.640349,9539.9625,82.91808102,77.64137645,32141.77912,45047.76037,147051.6835,0,9557.886875,9646.28375,9511.58375,NaN,NaN,NaN,8627.485517,9303.0996,8242.397118,9177.221995,1.394322511,0.820985583,21.88581456,19.95131335,13.19512666,23,-50.74721779,0,41.37892666,21.71760606,8.871006917,23
2020-05-31,9460.801424,9620,9400,9511.4125,78.73747284,80.97973245,22773.4176,42808.23497,169825.1011,0,9545.75,9570.5,9493.5,NaN,NaN,NaN,8659.054338,9340.974672,8255.024137,9207.60295,1.185165643,0.965352946,21.77845942,19.32241063,12.77919158,23,-69.807255,0,41.42314466,19.29122464,7.87990107,23
2020-06-01,9486.106962,10299,9300,9652.85,65.90165396,75.85240261,104583.3044,46134.41628,274408.4054,0,10111.6875,10199.1,9724.575,NaN,NaN,NaN,8694.54704,9397.679277,8268.932852,9248.079955,0.933026785,0.540516817,23.07813205,25.81953145,11.07239746,23,-65.19844402,0,44.00532833,38.18098525,4.821983989,23
2020-06-02,9569.478481,9644.39,9391.49,9515.4,46.31721108,63.65211263,37256.56208,44440.99716,311664.9675,0,9514.301252,9569.354572,9467.717674,NaN,NaN,NaN,8723.863217,9419.083045,8281.33551,9272.381777,0.986535593,0.973936018,24.28497092,24.88317362,10.67085159,23,-44.42010001,0,46.40307031,33.8811947,4.278951348,23
2020-06-03,9542.439241,9838,9463.55,9672.1725,34.8531656,49.02401021,34648.49864,42952.56367,346313.4661,0,9646.094375,9678.85875,9547.80125,NaN,NaN,NaN,8757.731406,9465.09931,8295.174684,9308.726388,1.243925072,1.711753511,25.72824461,26.30445103,10.10541114,23,18.79180561,0,48.97333899,36.87263424,3.560804819,23
2020-06-04,9607.30587,9880,9607,9756.6,35.01960015,38.72999228,36360.75404,42729.6597,382674.2202,0,9794.6875,9839.05,9716.2,NaN,NaN,NaN,8793.405284,9518.099435,8309.716229,9349.442171,1.33285968,0.636095451,27.13692524,25.86828233,9.701772823,23,80.63545453,0,51.42920706,34.02201131,3.088424748,23
2020-06-05,9681.952935,9751.88,9537.01,9662.685,39.75500501,36.54259025,22799.19866,41645.99101,405473.4188,0,9609.528625,9687.419,9579.984,NaN,NaN,NaN,8824.450988,9544.38772,8323.178605,9377.918792,1.139548103,1.16524899,28.13256734,25.00317853,10.44323852,23,138.8876349,0,52.36350625,30.01808314,6.475982157,23
2020-06-06,9672.318968,9722.47,9400,9568.38,39.40687293,38.0604927,25866.58703,40245.28577,0,25866.58703,9662.006875,9698.28475,9520.92625,NaN,NaN,NaN,8851.019882,9548.749952,8335.568669,9395.233447,0.609415932,1.281906062,28.456357,23.74722125,12.05289152,23,194.1965744,0,50.86959987,24.68532472,12.87351421,23
2020-06-07,9620.349484,9812.5,9457.36,9618.9375,39.37563075,39.5125029,35932.59658,39341.60973,0,61799.18361,9737.03275,9776.986,9679.3225,NaN,NaN,NaN,8878.445511,9561.511325,8348.338508,9415.570179,0.882454509,0.91053851,28.95170767,23.83737197,11.37519765,23,253.8902339,0,50.1761465,24.81604766,10.34380985,23
2020-06-08,9619.643492,9865,9566.71,9713.8975,49.07246665,42.61832345,29407.55306,38721.06909,29407.55306,0,9697.211875,9745.684,9663.65425,NaN,NaN,NaN,8908.283082,9589.217902,8361.92616,9442.690845,1.255130618,0.78187411,29.52608248,23.53551517,10.82466804,23,315.3577857,0,49.92563686,23.58196967,8.574747609,23
2020-06-09,9666.770496,9830,9666.770496,9747.1875,61.89042339,50.11284026,21799.35661,36824.472,51206.90968,0,9743.41425,9778.417,9723.1495,NaN,NaN,NaN,8938.243954,9617.939647,8375.709855,9470.372359,1.453741378,0.962081776,30.05943052,22.88287037,10.52449772,23,350.5824607,0,49.69302075,21.1121511,7.676685608,23
2020-06-10,9706.978998,9980.94,9505.6,9691.755,63.42682808,58.12990604,57796.47158,37366.07154,109003.3813,0,9879.93025,9933.406,9707.6195,NaN,NaN,NaN,8965.155063,9631.36062,8388.804831,9490.498054,0.904301725,0.818437932,29.7610515,21.05208021,12.39521081,23,351.256342,0,46.23066396,15.2849043,14.91644014,23
2020-06-11,9699.366999,9699.366999,9101,9402.1575,53.03664947,59.45130031,54062.98636,38716.27189,0,54062.98636,9328.728911,9478.379338,9270.170048,NaN,NaN,NaN,8980.762293,9589.687326,8398.887942,9482.467094,0.473068075,1.121665409,27.8669834,18.99216006,17.7986307,23,303.1946089,0,46.40570832,10.65659278,30.87442681,23
2020-06-12,9550.762249,9550.762249,9301,9411.1875,39.89898432,52.12082062,18927.64176,38322.79328,0,72990.62812,9429.425,9455.11,9399.07,NaN,NaN,NaN,8996.134621,9557.232812,8408.960575,9475.987131,0.758763183,1.507207777,26.10820588,18.19199507,17.04875069,23,249.4746705,0,46.56824952,9.202665544,26.66208886,23
2020-06-13,9480.974875,9492.72,9315,9416.21,35.09917343,42.67826907,16573.46384,36824.28293,16573.46384,0,9428.2965,9452.733,9394.974,NaN,NaN,NaN,9011.137314,9531.592301,8418.982957,9470.552846,1.500605581,1.483404865,24.47505533,17.62303716,16.51554796,23,166.9213473,0,46.71918063,8.206765304,23.77675302,23
2020-06-14,9448.592437,9448.592437,8915,9265.85,34.66245139,36.55353638,51847.74569,37799.04765,68421.20953,0,9127.8005,9276.116,9043.97,NaN,NaN,NaN,9020.234195,9483.275519,8427.409495,9451.943497,0.457341135,1.143635633,23.8351279,16.00457688,21.88328448,23,43.15874286,0,48.64701552,5.836340458,38.56144892,23
2020-06-15,9357.221219,9588.34,9282.28,9405.1625,43.74261508,37.83474663,47677.65407,38268.27377,116098.8636,0,9507.350793,9550.227432,9416.833445,NaN,NaN,NaN,9033.981635,9469.073152,8437.13838,9447.690679,0.942587305,0.869113072,22.71290856,17.54602353,20.64900989,23,-53.48545625,0,48.25854549,12.55298801,31.65423901,23
2020-06-16,9381.191859,9563.99,9371.34,9446.97,58.136916,45.51399416,28911.05484,37484.83198,145009.9184,0,9484.521875,9511.01125,9443.58375,NaN,NaN,NaN,9048.731219,9465.054397,8447.186456,9447.625163,1.85396203,0.744093717,21.67084775,16.9316452,19.92597973,23,-106.1394848,0,47.89782332,11.07204024,27.91980747,23
2020-06-17,9414.08093,9483.85,9241,9377.5325,70.06280095,57.31411068,28652.24966,36912.56366,173662.1681,0,9432.244375,9453.49375,9392.78125,NaN,NaN,NaN,9060.474122,9449.141325,8456.443631,9441.253102,0.9052124,1.239931114,21.12806481,16.16332599,21.45725088,23,-149.0172491,0,48.38937099,9.336428739,31.95646632,23
2020-06-18,9395.806715,9439,9240.48,9361.8625,71.3539965,66.51790448,37657.88581,37283.83807,0,37657.88581,9376.9625,9404.259,9309.962,NaN,NaN,NaN,9071.237993,9433.272447,8465.452774,9434.035775,0.703514058,1.283186442,20.62575876,15.54243902,20.64306861,23,-188.8683125,0,48.84908672,8.047415286,27.58063118,23
2020-06-19,9378.834607,9386.88,9172.22,9300.7475,55.31481669,65.57720471,25791.97636,36966.34793,0,63449.86217,9314.43225,9338.5815,9279.55,NaN,NaN,NaN,9079.434761,9409.177002,8473.764164,9421.918659,0.833535021,1.234691902,20.39141055,14.87697,21.12072912,23,-226.6260473,0,49.73666537,6.781856973,28.24404281,23
2020-06-20,9339.791054,9419.1,9240.86,9323.6525,45.30186792,57.32356037,16758.8964,36665.62187,0,80208.75857,9372.312,9392.364,9334.436,NaN,NaN,NaN,9088.156823,9393.627093,8482.220764,9412.985372,1.000967167,1.05064902,20.01569178,14.99496139,20.34190564,23,-266.3007911,0,49.66582135,8.366778562,24.28078337,23
2020-06-21,9331.721777,9508,9278.19,9413.02,47.08472167,49.23380209,27792.77944,32826.09563,27792.77944,0,9418.948625,9496.5095,9381.6045,NaN,NaN,NaN,9099.759079,9397.153076,8491.482448,9412.98852,1.259698566,0.703173631,19.2303304,16.1487935,19.35110922,23,-263.6013652,0,47.35467028,13.95851311,19.80243393,23
2020-06-22,9372.370888,9785,9372.370888,9609.74,60.58874607,50.99177855,39958.92387,32961.21372,67751.70331,0,9631.549625,9674.8305,9580.3995,NaN,NaN,NaN,9117.972684,9435.805244,8502.609389,9430.875018,1.204705607,0.430451862,18.38963112,20.53706213,17.68545568,23,-234.4431625,0,46.51893061,29.52543185,14.00496655,23
2020-06-23,9491.055444,9694.33,9200,9458.725,63.28925732,56.98757502,42807.97147,33369.18736,110559.6748,0,9651.076125,9681.97175,9360.65725,NaN,NaN,NaN,9130.142409,9439.972472,8512.122977,9433.406835,0.913788837,0.794555237,17.24928024,18.48436392,19.40302658,23,-217.407342,0,43.22445262,20.52634445,20.36431978,23
2020-06-24,9474.890222,9474.890222,9011,9209.98,47.95405343,57.27735227,41807.55262,33641.52729,0,41807.55262,9254.965,9316.99,9184.67,NaN,NaN,NaN,9132.993752,9398.155659,8519.066828,9413.095304,0.622872822,1.32363101,16.87327106,16.78853328,21.36078719,23,-232.6827607,0,41.9922874,15.12038004,25.7312357,23
2020-06-25,9342.435111,9342.435111,9046.24,9193.8325,32.0282444,47.75718505,34542.67346,34228.70102,0,76350.22607,9204.136,9281.248,9149.056,NaN,NaN,NaN,9135.166564,9361.005994,8525.780915,9393.162322,0.797706924,1.462967608,16.52411967,15.79227916,20.09320938,23,-250.1595375,0,40.84813397,12.49410903,21.2619566,23
2020-06-26,9268.133806,9268.133806,9091.83,9147.9075,22.33936262,34.10722015,18826.54026,33876.69869,0,95176.76633,9155.69775,9175.9485,9138.5625,NaN,NaN,NaN,9135.621598,9322.260813,8531.971229,9370.866429,1.171069175,1.437580721,16.19990767,15.21357431,19.35689783,23,-276.3468036,0,39.7857058,11.06425173,18.82868475,23
2020-06-27,9208.020653,9208.020653,8841,9077.7175,23.0168393,25.79481544,39218.80949,34041.00933,0,134395.5758,8971.2,9084.6,8950.2,NaN,NaN,NaN,9133.553594,9277.798393,8537.40154,9344.216526,0.622251498,1.247392615,16.77722571,14.05861092,23.07569744,23,-298.3006134,0,40.94094629,8.525383512,30.19034762,23
2020-06-28,9142.869076,9191.09,9026.77,9125.7975,30.11908955,25.15843049,26293.47533,33885.30545,0,160689.0512,9106.876,9133.578,9080.174,NaN,NaN,NaN,9133.276591,9250.161867,8543.256226,9324.360251,0.877555012,1.144998891,17.31330674,13.56218855,22.26087353,23,-292.0643973,0,42.0136696,7.555160163,26.75456316,23
2020-06-29,9134.333288,9236.68,9065.26,9148.95,44.69423003,32.61005296,28936.98455,34242.18684,28936.98455,0,9144.54175,9180.9685,9120.9715,NaN,NaN,NaN,9133.836355,9231.759709,8549.28303,9308.413865,1.667957348,0.91463827,17.55712444,14.05949458,21.41147545,23,-268.8265875,0,41.86049499,10.01563916,23.29721662,23
2020-06-30,9141.641644,9265,9092,9197.5825,63.27495721,46.0294256,25552.41361,32629.98394,54489.39816,0,9141.7375,9182.825,9122.275,NaN,NaN,NaN,9136.113003,9225.545671,8555.733771,9298.338286,1.18939086,0.785407351,17.62158639,14.15149453,20.55888979,23,-224.6566482,0,40.97728912,10.90631687,20.0316639,23
2020-07-01,9169.612072,9290,9035,9159.2725,71.92703159,59.96540628,28194.07359,31336.53831,82683.47175,0,9235.8125,9251.75,9181.625,NaN,NaN,NaN,9136.940128,9213.496004,8561.739131,9285.695942,0.929299065,0.875420561,17.90924865,13.31018778,20.66554619,23,-210.949517,0,40.94909637,8.667778448,20.50810966,23
2020-07-02,9164.442286,9164.442286,8942,9059.7875,62.73811619,65.980035,24729.52098,31626.63227,0,24729.52098,9093.936962,9119.737578,9068.136346,NaN,NaN,NaN,9134.184677,9185.549003,8566.694837,9265.158811,0.685825901,1.210617528,18.53624738,12.60614935,21.78390161,23,-212.6241786,0,41.95352348,7.082635253,24.40349341,23
2020-07-03,9112.114893,9112.114893,9041.72,9079.6325,48.0937652,60.91963766,13099.90947,31452.95455,0,37829.43045,9074.2245,9092.673,9066.318,NaN,NaN,NaN,9132.236385,9166.291457,8571.798694,9248.292783,1.022947906,1.60745397,19.11846048,12.38292381,21.39815947,23,-208.5702188,0,42.8862058,6.604824625,22.75717843,23
2020-07-04,9095.873697,9191.99,8990,9069.125,36.64224138,49.15804092,19442.10856,29832.67269,0,57271.53902,9123.818375,9146.54225,9040.4975,NaN,NaN,NaN,9129.982407,9148.624828,8576.747214,9232.004802,1.176221227,0.898864751,19.11435331,13.79203945,20.28802741,23,-219.8752429,0,41.0309044,13.02227949,18.32346795,23
2020-07-05,9082.499348,9317,8909,9140.42,44.26677654,43.00092771,41397.3526,29518.65762,0,98668.89161,9199.7,9276.2,9092.6,NaN,NaN,NaN,9130.355178,9147.133041,8582.355899,9223.678911,0.782422663,0.664117269,18.32716445,15.5005401,18.23064408,23,-209.6582571,0,39.60369017,18.83109905,12.2818523,23
2020-07-06,9111.459674,9377.55,9111.459674,9294.94,58.53992381,46.48298058,29191.90614,29532.70018,29191.90614,0,9266.036625,9307.1205,9244.5165,NaN,NaN,NaN,9136.233208,9174.007034,8589.446288,9230.157192,1.180183084,0.724725318,17.24222774,15.98290912,17.01851034,23,-166.6394446,0,39.20492177,19.66247592,9.679919378,23
2020-07-07,9203.199837,9470,9203.199837,9339.7975,71.96019908,58.25563314,31328.74725,29666.52506,60520.65339,0,9274.5625,9337.5,9231.5,NaN,NaN,NaN,9143.503361,9204.150755,8596.912469,9240.124493,1.552083108,0.7128866,16.30291683,17.23342163,15.87852228,23,-123.9733009,0,39.95963498,22.807329,7.648958534,23
2020-07-08,9271.498669,9467.21,9160,9311.635,76.97698458,69.15903582,30962.53125,29331.75733,91483.18463,0,9394.247625,9436.489,9359.6865,NaN,NaN,NaN,9149.508062,9223.693345,8604.024136,9246.625448,1.08456353,0.843800675,15.17735733,15.91173011,15.73920599,23,-91.3520125,0,39.35134763,17.51731688,9.13641943,23
2020-07-09,9291.566834,9291.566834,9126.49,9207.81,67.27525253,72.07081206,23122.51251,29198.28414,0,23122.51251,9168.957903,9224.836723,9157.782139,NaN,NaN,NaN,9151.590274,9220.805464,8610.031956,9243.096771,0.80343857,1.321647998,14.25309063,15.15726237,15.8511131,23,-86.64690893,0,37.79066867,14.9117741,10.46957112,23
2020-07-10,9249.688417,9315.59,9180,9241.44,53.76246574,66.00490095,15130.12793,29116.84572,0,38252.64044,9222.371875,9261.354,9200.3385,NaN,NaN,NaN,9154.799193,9224.557198,8616.314623,9242.946155,0.99978747,1.410157402,13.24206949,15.24955357,15.27971488,23,-75.44468036,0,36.85294506,15.24802395,9.214856687,23
2020-07-11,9245.564209,9346.27,9185,9243.2775,41.1715783,54.06976552,14680.55828,28461.23466,14680.55828,0,9259.587375,9281.762,9221.28575,NaN,NaN,NaN,9157.959133,9227.960889,8622.553059,9242.976278,1.197096274,0.815727394,12.48911684,15.41613979,14.60533998,23,-48.63085268,0,36.6370974,15.81906883,7.821282992,23
2020-07-12,9244.420854,9340.74,9158.74,9251.5275,35.64964737,43.52789714,20718.65996,27499.22146,35399.21824,0,9279.315,9317.99,9267.94,NaN,NaN,NaN,9161.30086,9232.245728,8628.811511,9243.753661,0.938066245,0.926734058,11.6055846,14.63131624,14.59634083,23,4.429898214,0,35.33535885,13.03763893,8.983027075,23
2020-07-13,9247.974177,9321.74,9117.12,9237.2875,41.04561513,39.28894694,29028.89331,26810.26756,64428.11155,0,9191.29475,9245.0075,9178.506,NaN,NaN,NaN,9164.014669,9233.162413,8634.865999,9243.165829,0.824427086,1.063447313,11.06221621,13.78181469,14.92982884,23,53.10737808,0,33.06795821,10.45435972,11.23332721,23
2020-07-14,9242.630839,9275,9188,9221.775,44.93650695,40.54392315,19327.97517,25686.28868,0,19327.97517,9239.1125,9253.25,9218.45,NaN,NaN,NaN,9166.077538,9231.091975,8640.705889,9241.221208,1.100336054,1.225430355,10.55765985,13.4249134,14.54319795,23,74.44060655,0,30.96251477,9.458338821,10.16309154,23
2020-07-15,9232.202919,9235,9047.81,9152.8825,44.4387947,43.47363893,25051.2233,25211.71618,0,44379.19846,9209.261375,9225.6405,9108.64675,NaN,NaN,NaN,9165.606286,9216.87207,8645.802174,9233.190416,0.747219082,1.316349976,11.03843335,12.66494902,17.95944376,23,78.44940377,0,32.41235282,7.529094731,23.36599338,23
2020-07-16,9192.54271,9192.54271,9089.39,9136.33,37.03155552,42.13561906,17558.33905,25148.30612,0,61937.53751,9121.28375,9139.0025,9103.565,NaN,NaN,NaN,9164.560705,9202.228057,8650.683048,9224.384924,0.660366881,1.283999865,11.48486589,12.2533088,17.37572018,23,72.52530546,0,33.75863102,6.601566153,20.48747645,23
2020-07-17,9164.436355,9204,9124.6,9161.2675,35.61404558,39.02813194,13375.87801,23856.15954,0,75313.41552,9161.3225,9172.24,9140.48,NaN,NaN,NaN,9164.44309,9194.780683,8655.76349,9218.646976,1.420645632,1.169813968,11.79090564,12.31041154,16.9198559,23,60.22658661,0,34.36708107,7.431134083,18.31640261,23
2020-07-18,9162.851927,9200.3,9100.16,9147.605,38.52101355,37.05553822,11626.13381,23122.79247,0,86939.54933,9169.00625,9177.7685,9132.7055,NaN,NaN,NaN,9163.84173,9186.203286,8660.657436,9212.188615,1.059986633,0.956793526,12.24891919,11.88683608,17.17743264,23,47.29399098,0,35.49573346,6.367374221,19.18809868,23
2020-07-19,9155.228464,9230,9117.63,9160.2975,48.47896788,40.87134234,16887.83795,22520.33514,0,103827.3873,9183.647375,9190.6705,9154.15025,NaN,NaN,NaN,9163.71515,9181.493143,8665.628979,9207.471241,0.967201543,0.877652816,12.36659762,12.46742414,16.49170561,23,37.30303641,0,34.69931763,9.722230186,15.9795671,23
2020-07-20,9157.762982,9436,9146.12,9272.7525,52.30671727,46.43556623,41957.38075,23340.58349,41957.38075,0,9171.4845,9341.789,9153.367,NaN,NaN,NaN,9167.609341,9198.085754,8671.670009,9213.405901,1.114257303,0.414045991,12.23108207,18.31721872,14.84530781,23,56.0382006,0,35.79787955,31.2110164,10.38171548,23
2020-07-21,9215.257741,9390.2,9215.257741,9335.695,61.0424873,53.94272415,20532.25925,22957.49278,62489.64,0,9364.0275,9368.16,9318.57,NaN,NaN,NaN,9173.612401,9223.105617,8678.277223,9224.523091,1.210032414,0.655352133,12.10524621,17.20115745,13.94078877,23,79.60460764,0,36.81797276,24.68704591,8.211648203,23
2020-07-22,9275.47637,9580.45,9275.47637,9441.95,64.73267695,59.36062717,35992.64818,23520.64914,98482.28818,0,9494.714875,9529.644,9447.08425,NaN,NaN,NaN,9183.195886,9262.895505,8685.875957,9244.289174,1.26953967,0.699009757,13.18057424,21.8388598,12.50981512,23,102.8198263,0,39.41770366,36.48372771,5.641833081,23
2020-07-23,9358.713185,9660,9358.713185,9550.1425,73.68042349,66.48519591,28083.15498,24269.81141,126565.4432,0,9526.74875,9587.3175,9504.944,NaN,NaN,NaN,9196.301122,9315.122231,8694.475624,9272.094022,1.236623461,0.554976739,14.58202566,22.28825951,11.27817036,23,136.6813878,0,42.20481009,33.67397818,4.069249559,23
2020-07-24,9454.427843,9633.65,9454.427843,9572.52,77.96158059,72.12489368,20946.28889,24345.02043,147511.7321,0,9577.978875,9603.5575,9558.41875,NaN,NaN,NaN,9209.737511,9361.921825,8703.212384,9299.405474,1.372420668,0.889284065,15.88337341,20.9659149,10.60904554,23,164.7182975,0,44.79283748,27.89290107,3.370649431,23
2020-07-25,9513.473921,10150.15,9513.473921,9819.5325,75.78575025,75.80925144,56327.98312,25091.55195,203839.7152,0,9682.36125,9919.854,9646.3775,NaN,NaN,NaN,9231.515903,9445.123766,8714.320047,9346.689749,1.18968142,0.399251061,18.8598366,32.09453242,8.646497754,23,206.7614894,0,48.2190437,50.91948735,1.912594124,23
2020-07-26,9666.503211,10437.12,9666.503211,10135.705,73.88834949,75.87856011,65651.7306,26914.54318,269491.4458,0,10281.42338,10407.4635,10125.72675,NaN,NaN,NaN,9263.808371,9570.683991,8728.46318,9418.418409,1.150697394,0.429066957,22.17124305,33.09400844,6.966641856,23,298.8963866,0,51.5637795,45.50779959,1.156015553,23
2020-07-27,9901.104105,11386,9901.104105,10783.6075,69.65808544,73.11072839,109246.884,30810.45001,378738.3297,0,10964.24113,11168.318,10732.954,NaN,NaN,NaN,9318.086911,9791.215538,8748.912378,9542.526508,1.171859013,0.452075792,26.21845919,41.94583559,4.964977343,23,457.0167553,0,54.86995668,54.48263048,0.591980448,23
2020-07-28,10342.3558,11300,10342.3558,11110.4575,76.69109953,73.41251149,48049.51161,31664.79903,426787.8413,0,10990.88413,11101.69925,10903.3985,NaN,NaN,NaN,9382.100147,10031.07771,8772.410339,9685.065689,1.276700716,0.646728419,29.97658846,34.96785635,4.139019096,23,651.9377132,0,57.93997835,39.10236909,0.42486638,23
2020-07-29,10726.40665,11340,10726.40665,11085.61,79.99287296,75.44735264,41006.40666,32558.99374,467794.248,0,10978.7625,11162.55,10896.375,NaN,NaN,NaN,9442.939784,10222.81086,8795.427251,9812.387899,1.52525638,1.029276286,33.49466845,32.03848584,3.712825865,23,806.106622,0,60.79623269,33.09389625,0.34651978,23
2020-07-30,10906.00833,11368.2,10906.00833,11171.505,85.73951719,80.80782989,40466.56887,33825.81579,508260.8169,0,11128.97,11195.14,11011.9,NaN,NaN,NaN,9504.674256,10395.3007,8819.069816,9935.943999,1.523945315,0.936604434,36.78230853,30.0390077,3.426606197,23,953.1415594,0,63.45301443,29.10059107,0.295255257,23
2020-07-31,11038.75666,11745.9,11038.75666,11485.8175,85.79519089,83.84252701,49932.9251,35588.43413,558193.742,0,11634.14625,11719.605,11351.475,NaN,NaN,NaN,9575.429372,10593.57648,8845.604619,10076.84159,1.267117642,0.652879632,40.08166827,32.67321527,3.040418624,23,1114.314101,0,65.96874525,34.46215841,0.23014075,23
2020-08-01,11262.28708,12106.54,10508,11332.7825,76.52277159,82.68582656,93362.25454,39220.61386,651555.9965,0,11766.85025,11986.6495,11227.343,NaN,NaN,NaN,9638.191984,10727.97758,8870.352657,10191.01804,0.82737945,0.679773893,40.48915276,25.63874245,9.53426885,23,1204.60774,0,63.00312053,21.23139851,12.88896896,23
2020-08-02,11297.53479,11381.38,10932,11194.9875,61.67284604,74.66360284,31585.06332,39348.42236,0,31585.06332,11196.01075,11257.8005,11111.752,NaN,NaN,NaN,9693.791824,10812.88847,8893.483352,10282.28799,0.947870687,1.177995234,40.8675312,24.0698676,8.950851993,23,1249.585846,0,60.24932614,18.70756951,11.35682525,23
2020-08-03,11246.26115,11470.05,11020,11270.685,48.94268644,62.37943469,34964.19638,40130.23342,0,66549.2597,11273.15313,11357.5375,11155.015,NaN,NaN,NaN,9750.109437,10896.1242,8917.1371,10372.14226,1.569249414,1.707659295,41.36559238,23.79946464,8.396696378,23,1285.726532,0,58.17173853,18.8364168,9.885711384,23
2020-08-04,11258.47307,11693.64,11102,11417.485,49.19400411,53.26984553,34710.87576,40613.21604,34710.87576,0,11227.7235,11501.357,11146.373,NaN,NaN,NaN,9809.658564,10990.91708,8942.016184,10467.17342,1.163196344,0.700237115,42.17562739,24.9270326,7.720039744,23,1317.41623,0,57.31835169,22.16310587,8.150737214,23
2020-08-05,11337.97904,11875,11337.97904,11722.345,60.19065314,52.77578123,42186.67032,41844.6326,76897.54609,0,11663.5,11749,11614,NaN,NaN,NaN,9877.968794,11123.90397,8969.681147,10581.27993,1.281731225,0.641212009,43.18233368,25.57286455,7.15631423,23,1376.998292,0,57.22332101,24.09078948,6.797229476,23
2020-08-06,11530.16202,11908,11500,11721.515,71.25118021,60.21194582,37442.73565,43047.97549,114340.2817,0,11800.9,11867.2,11724.4,NaN,NaN,NaN,9943.80973,11232.56052,8997.062578,10684.93766,1.421154678,0.773169053,44.16258002,24.58713721,6.752864177,23,1406.907137,0,57.25975232,21.91089963,5.871301565,23
2020-08-07,11625.83851,11806.19,11322.1,11626.1675,75.04030585,68.82737973,27057.58567,43819.54808,0,27057.58567,11594.40063,11673.06525,11443.1225,NaN,NaN,NaN,10003.89394,11304.12543,9023.222826,10770.50401,0.982200186,1.077133473,44.19984695,22.93498709,8.768500307,23,1388.161803,0,54.91761433,18.22820923,11.06115451,23
2020-08-08,11626.003,11795.01,11538.57,11658.9975,72.75380859,73.01509822,19583.55282,43954.33382,0,46641.13849,11702.0505,11737.311,11628.324,NaN,NaN,NaN,10063.00478,11368.64762,9049.44944,10851.27615,1.052084318,1.152579909,44.23445194,22.08825261,8.444776929,23,1348.729926,0,52.74277191,16.40267738,9.953394031,23
2020-08-09,11642.50025,12052.03,11489.8,11756.9925,65.64950789,71.14787411,41404.47834,43926.6887,41404.47834,0,11960.66763,11995.807,11728.74775,NaN,NaN,NaN,10123.50434,11439.25578,9076.390167,10933.614,1.204844443,0.699708063,44.72271702,23.98258995,7.76767691,23,1309.412603,0,52.46326331,22.71512259,7.809873422,23
2020-08-10,11699.74638,11948.29,11374.11,11681.53,59.3093753,65.90423059,42787.38861,45039.44517,84191.86695,0,11711.44075,11862.163,11603.782,NaN,NaN,NaN,10179.14811,11483.30564,9102.311956,11001.60636,0.855281105,0.865119103,44.60425009,22.03912086,8.770996467,23,1235.162488,0,50.57091856,17.81695175,10.47056108,23
2020-08-11,11690.63819,11690.63819,11130,11453.0875,47.95420812,57.6376971,46256.22919,45552.62422,0,46256.22919,11343.4125,11508.045,11288.535,NaN,NaN,NaN,10224.64595,11477.81143,9125.702758,11042.6501,0.682944807,1.318457895,43.39591937,20.3085853,11.50121006,23,1102.07698,0,47.69787181,14.10476831,17.36092091,23
2020-08-12,11571.86284,11655.41,11272.79,11500.7975,41.49931207,49.58763183,29659.85535,45631.45924,0,75916.08454,11545.40675,11588.4515,11444.969,NaN,NaN,NaN,10270.22279,11481.99072,9149.335541,11084.29986,0.892585083,1.310498232,42.27389798,19.20051138,10.8736828,23,967.1543896,0,45.03004269,11.97610646,14.74084739,23
2020-08-13,11536.33017,11828.9,11441.63,11625.7975,43.00953693,44.15435237,31692.92856,46168.79122,31692.92856,0,11698.19638,11780.49125,11644.94675,NaN,NaN,NaN,10318.63617,11508.13741,9173.976954,11133.52692,1.40477211,0.82041355,41.65236672,20.63742557,10.26329381,23,840.750008,0,42.98597717,17.23837921,12.37748952,23
2020-08-14,11581.06384,11980,11581.06384,11814.255,58.16277033,47.55720644,31986.67807,44951.72597,63679.60663,0,11880.97075,11906.645,11774.606,NaN,NaN,NaN,10372.05113,11563.79515,9200.248377,11195.41129,1.392103051,0.587143914,41.41171989,21.64798651,9.661628983,23,736.1557351,0,42.33500681,20.76982645,10.25946365,23
2020-08-15,11697.65942,11976.8,11688,11844.6125,72.78167658,57.98466128,27502.23009,43044.25094,91181.83672,0,11864.89,11897.38,11789.08,NaN,NaN,NaN,10424.64261,11614.85285,9226.560458,11254.42958,1.358233306,0.784946601,41.18826213,20.70184649,9.239360898,23,636.2181142,0,41.73053433,17.98491785,8.883830172,23
2020-08-16,11771.13596,12448.39,11770.01,12121.1625,78.91257057,69.95233916,47201.22472,39941.96798,138383.0614,0,11863.28725,12041.362,11786.9695,NaN,NaN,NaN,10485.2326,11706.90915,9255.362468,11333.22349,1.195357807,0.515715792,41.88122621,25.56157245,8.319550538,23,582.2403649,0,43.5527121,32.54197077,6.374283349,23
2020-08-17,11946.14923,12440,11816.19,12149.1725,75.50542878,75.73322531,50224.18069,40050.70144,188607.2421,0,12245.05938,12393.21425,12143.69025,NaN,NaN,NaN,10544.65903,11787.32067,9284.156598,11407.40067,1.098441856,0.64429154,42.52469285,23.26767819,7.57295448,23,553.5244405,0,45.24473431,24.56551115,4.811863726,23
2020-08-18,12047.66086,12083.95,11615,11840.3,57.4444494,70.62081625,40027.07567,40001.73489,228634.3178,0,11796.71813,11954.98875,11697.06625,NaN,NaN,NaN,10590.93192,11796.95327,9309.590861,11446.75515,0.80981362,1.258395528,42.1329158,21.48930813,9.872830335,23,465.7378278,0,43.80909164,19.45991494,11.63969007,23
2020-08-19,11943.98043,11943.98043,11571,11753.435,40.32040116,57.75675978,29487.74651,39452.79377,0,29487.74651,11750.51763,11790.8175,11688.236,NaN,NaN,NaN,10632.44989,11789.04086,9333.907718,11474.63514,0.657816793,1.474889131,41.56198979,20.32139176,9.977399182,23,375.5125677,0,41.90050888,16.47192256,11.66382374,23
2020-08-20,11848.70772,11880,11620.08,11768.3625,24.39210446,40.71898501,26039.10789,38258.10291,0,55526.8544,11824.767,11873.502,11763.036,NaN,NaN,NaN,10673.0182,11785.28116,9358.131148,11501.33763,1.008026539,1.32224658,41.03184421,19.52501423,9.586393649,23,318.1925692,0,40.12825346,14.52867465,10.28780336,23
2020-08-21,11808.53511,11808.53511,11380,11612.8525,21.75146989,28.82132517,32772.6658,35228.62347,0,88299.5202,11578.47588,11689.816,11496.181,NaN,NaN,NaN,10706.58371,11753.93049,9380.566187,11511.47534,0.722567241,1.196738063,39.40806246,18.25480806,12.60736919,23,198.3924663,0,39.00506937,11.68716142,19.23275859,23
2020-08-22,11710.6938,11710.6938,11515.64,11609.785,25.70124096,23.94827177,15387.31078,34418.73584,0,103686.831,11595.3565,11640.601,11558.73,NaN,NaN,NaN,10738.8409,11727.72222,9402.747468,11520.41258,0.832517869,1.271502897,37.90026512,17.690677,12.21776178,23,69.86473836,0,37.96211272,10.51688406,17.30691355,23
2020-08-23,11660.2394,11823.67,11588.77,11707.48,37.55843148,28.33704744,28316.87739,34086.36989,0,132003.7084,11656.30375,11753.2,11612.26,NaN,NaN,NaN,10773.43515,11724.04182,9425.68013,11537.41871,1.485563793,0.964798795,36.85351394,18.86230944,11.74695644,23,-29.54134314,0,35.34415454,15.43934872,15.03985828,23
2020-08-24,11683.8597,11786.83,11330.58,11575.22,45.07834439,36.11267228,44328.40843,34567.24653,0,176332.1168,11575.81438,11695.58,11444.6425,NaN,NaN,NaN,10802.07032,11696.98331,9447.068587,11540.85519,0.732243363,0.889841285,34.73982261,17.45534625,15.09182434,23,-133.7945577,0,35.41255862,11.71393073,25.06554768,23
2020-08-25,11629.53985,11629.53985,11117,11377.775,46.49824954,43.04500847,48824.33693,34899.12986,0,225156.4537,11361.1625,11413.825,11289.35,NaN,NaN,NaN,10822.6312,11638.94543,9466.279596,11526.02972,0.513031645,1.200384169,32.53321098,16.01055928,17.29178706,23,-231.8066517,0,36.73821013,8.749384087,29.2680106,23
2020-08-26,11503.65743,11585.58,11260,11410.68,40.99573294,44.19077562,41595.27231,35106.75669,0,266751.726,11386.16225,11463.4875,11341.395,NaN,NaN,NaN,10843.63295,11597.44263,9485.626864,11515.54338,0.9157877,1.240120789,30.48421446,15.15258019,16.36514912,23,-305.7496135,0,37.96917224,7.285364142,24.37064287,23
2020-08-27,11457.16871,11534.9,11126,11378.85,38.5047712,41.99958456,34867.90655,35497.27274,0,301619.6326,11437.78625,11473.565,11289.56,NaN,NaN,NaN,10862.74784,11557.69851,9504.464905,11503.11671,1.012253567,1.128852863,29.06288648,14.12855196,17.47386454,23,-379.1321629,0,39.81512137,5.769729926,26.11820676,23
2020-08-28,11418.00936,11580,11418.00936,11508.2275,45.6731163,41.72454015,23081.90889,35672.19054,0,324701.5415,11486.35838,11524.2135,11464.44225,NaN,NaN,NaN,10885.80069,11548.70378,9524.402841,11503.58133,1.194820097,0.944956387,27.54741109,14.41518279,16.86988119,23,-411.9154283,0,40.5636115,7.658265631,23.1559743,23
2020-08-29,11463.11843,11661.17,11459.33,11559.3325,58.9155913,47.69782627,40647.57146,35634.34519,40647.57146,0,11582.957,11630.894,11560.25,NaN,NaN,NaN,10909.85539,11550.63628,9544.650897,11508.64962,1.729970083,0.589495133,25.78726952,15.34414694,16.26245434,23,-415.3088105,0,39.57765024,11.71288764,20.2721267,23
2020-08-30,11511.22546,11776.53,11511.22546,11675.69,74.7304989,59.77306883,56933.17636,36341.63458,97580.74782,0,11676.01238,11704.3635,11621.8875,NaN,NaN,NaN,10937.20663,11573.37332,9565.855267,11523.83511,1.199544468,0.57929509,24.21942263,16.70875165,15.47377519,23,-395.3962253,0,36.80977247,17.10938161,16.8285919,23
2020-08-31,11593.45773,12050,11528.81,11839.7125,81.00870846,71.55159955,49870.46748,36522.3465,147451.2153,0,11717.74138,11880.61325,11580.929,NaN,NaN,NaN,10969.43898,11621.79862,9588.480712,11552.55123,1.088341364,0.5056164,23.74790883,20.03648487,14.03388833,23,-363.9797074,0,37.01686876,27.51773311,11.87516121,23
2020-09-01,11716.58512,12051.99,11160,11645.5775,72.05931853,75.93284196,67745.478,38426.62763,215196.6933,0,11973.94088,12029.69025,11449.89675,NaN,NaN,NaN,10993.58679,11626.12206,9608.949336,11561.00817,0.751464453,0.805077909,22.24054742,17.10317801,18.03246267,23,-365.4809592,0,35.50745855,16.88517444,23.2627176,23
2020-09-02,11681.08131,11681.08131,10449,10977.015,54.87284811,69.31362503,78698.35457,40776.89893,0,78698.35457,11346.95475,11435.4855,10904.301,NaN,NaN,NaN,10992.99494,11508.10259,9622.56193,11507.91788,0.491631945,1.173684702,22.6728278,14.04465873,25.12740385,23,-442.4519687,0,37.0469665,10.12825112,37.04634377,23
2020-09-03,11329.04815,11329.04815,9900,10445.59,37.57658159,54.83624941,89595.96336,43657.36319,0,168294.3179,10280.07621,10521.94289,10107.3143,NaN,NaN,NaN,10973.44476,11314.91848,9630.751264,11411.34262,0.526516835,1.271667296,23.99464879,11.48029497,27.55393629,23,-559.6894816,0,39.46065382,6.40956511,37.5496596,23
2020-09-04,10887.31908,10887.31908,9975.01,10325.8225,26.02652595,39.49198522,63964.61467,45480.48242,0,232258.9326,10440.02313,10513.44625,10219.75375,NaN,NaN,NaN,10950.31539,11135.08285,9637.667396,11312.65897,0.79755759,1.339017994,25.222054,10.19989945,24.48085004,23,-676.0942703,0,41.7019349,4.957146128,29.0408392,23
2020-09-05,10606.57079,10606.57079,9834.77,10146.015,19.72593984,27.77634912,74268.4429,46833.84333,0,306527.3755,10190.14075,10254.224,10044.497,NaN,NaN,NaN,10921.59038,10955.25233,9642.725581,11206.60043,0.961267373,1.428996576,26.57416089,9.259078912,23.89879386,23,-785.2906018,0,44.01960437,3.998899896,26.93953554,23
2020-09-06,10376.29289,10376.29289,9877,10135.4425,16.70334821,20.81860467,46797.85678,46662.52714,0,353325.2323,10234.07875,10286.7625,10052.6125,NaN,NaN,NaN,10893.51367,10806.196,9647.628237,11109.22243,0.922893174,1.4020366,27.82968872,8.700009808,22.45576941,23,-848.9510625,0,46.17172603,3.458308304,23.29771234,23
2020-09-07,10255.8677,10437.34,9920.01,10149.5275,17.1289486,17.85274555,49520.88041,47137.21737,0,402846.1127,10301.54087,10346.80725,10049.3425,NaN,NaN,NaN,10866.94274,10686.80173,9652.622259,11021.97744,1.083846233,1.16646368,28.73932292,8.89571253,21.03832563,23,-910.2821402,0,47.27842946,4.701268952,19.82639172,23
2020-09-08,10202.6976,10278,9852,10117.84,21.41432665,18.41554116,35641.34376,47444.89724,0,438487.4565,10102.275,10214.1,10022.4,NaN,NaN,NaN,10840.18907,10583.35414,9657.251292,10939.78313,0.97349814,1.104197783,29.70705095,8.424158923,20.76938207,23,-962.4930313,0,48.554612,4.07612393,19.31290017,23
2020-09-09,10160.2688,10488,10160.2688,10330.685,37.40407224,25.3157825,32401.81885,47763.03278,0,470889.2753,10263.79763,10377.8655,10244.13075,NaN,NaN,NaN,10821.99249,10537.4143,9663.952125,10884.41057,1.248480205,0.883077774,29.71208397,10.70717596,19.78783058,23,-951.7419705,0,46.67928388,10.72143427,16.87557163,23
2020-09-10,10245.4769,10442.59,10201.26,10344.1425,56.17630964,38.33156951,24399.75463,47344.38723,24399.75463,0,10282.70888,10321.925,10249.526,NaN,NaN,NaN,10804.92642,10502.27397,9670.720188,10835.29529,1.501776318,0.661451865,29.7167575,10.36330592,19.15232761,23,-946.9218777,0,44.93790776,9.721582991,15.30180254,23
2020-09-11,10294.8097,10397.07,10269.11,10335.985,72.57781384,55.38606524,14669.40056,47308.49171,39069.15518,0,10331.4905,10365.08,10313.896,NaN,NaN,NaN,10788.17851,10472.03961,9677.339738,10789.90345,1.294730972,1.246229251,29.72109719,10.17667951,18.80742511,23,-933.1971464,0,43.32091566,9.155675011,14.41106158,23
2020-09-12,10315.39735,10580,10265.33,10371.4475,74.94394841,67.8993573,21582.31541,46971.76362,60651.47059,0,10434.46512,10556.39975,10375.4645,NaN,NaN,NaN,10773.29526,10453.75014,9684.246283,10751.862,1.144748435,0.689560129,28.91583046,12.35971772,17.95130143,23,-892.8513688,0,41.30883522,16.58950435,12.22377666,23
2020-09-13,10343.42242,10700,10212.36,10472.6075,68.44008504,71.98728243,30970.0642,46303.8464,91621.5348,0,10352.5565,10529.326,10248.933,NaN,NaN,NaN,10762.55641,10457.17875,9692.090673,10726.47522,0.929266742,0.62242774,27.67658391,13.22453143,16.68384786,23,-835.7521402,0,40.65686816,18.41145058,9.446425061,23
2020-09-14,10408.01496,10933.28,10408.01496,10756.1925,68.34345474,70.5758294,32620.07255,45493.63319,124241.6073,0,10734.046,10803.168,10648.66,NaN,NaN,NaN,10762.32913,10511.54488,9702.678751,10729.17679,1.140867068,0.651221006,25.73761821,15.58549825,15.42083476,23,-738.3763188,0,41.63953239,24.50228446,7.233513967,23
2020-09-15,10582.10373,11018.81,10582.10373,10868.7575,71.69037948,69.49130642,31237.07082,44975.72311,155478.6782,0,10890.81488,10939.36475,10771.647,NaN,NaN,NaN,10766.13014,10576.49263,9714.281525,10741.86595,1.384360457,0.668586788,24.22885142,15.83939537,14.44194679,23,-617.1533107,0,42.9773196,23.53958407,5.817273735,23
2020-09-16,10725.43062,11093.84,10725.43062,10921.2175,79.20619155,73.08000859,32680.87157,44866.37136,188159.5497,0,10864.72763,10990.091,10799.8845,NaN,NaN,NaN,10771.66898,10639.16988,9726.290838,10758.17064,1.394248518,0.800575235,23.08224747,16.08620763,13.65449034,23,-491.4896446,0,44.57421032,22.99647766,4.821765305,23
2020-09-17,10823.32406,11038,10795.66,10892.285,79.64822449,76.84826517,22737.15969,44849.1339,210896.7094,0,10925.91775,10977.415,10892.596,NaN,NaN,NaN,10775.97669,10685.19081,9737.89277,10770.36285,1.349662684,0.968579584,22.01754381,15.4879691,13.14668624,23,-361.1659339,0,46.05703741,20.15976504,4.226980196,23
2020-09-18,10857.80453,11180,10812.23,10994.72,77.85025184,78.90155596,19346.05484,43784.05807,230242.7643,0,10954.74088,10996.115,10821.42425,NaN,NaN,NaN,10783.78895,10741.46885,9750.398514,10790.75896,1.142268418,0.858779564,21.52570424,16.8128533,12.39342122,23,-207.6382616,0,48.10333444,23.65863426,3.425430597,23
2020-09-19,10926.26226,11118,10798,10960.37,72.1334055,76.54396061,15787.53211,41726.77586,246030.2964,0,10962,11014,10830,NaN,NaN,NaN,10790.09542,10781.26906,9762.438031,10806.17814,1.0034023,0.883682045,21.00231538,15.95617334,11.98851393,23,-50.42848304,0,49.59473433,19.61345337,3.600078353,23
2020-09-20,10943.31613,10987.32,10293.88,10633.8625,59.21109476,69.73158403,38703.67969,41168.43647,0,38703.67969,10943.98,10969.984,10588.592,NaN,NaN,NaN,10784.51567,10754.46786,9771.108921,10790.51308,0.488524234,1.190124724,20.41517221,14.26045345,18.44037503,23,64.16795714,0,48.26938735,13.40499418,25.47252959,23
2020-09-21,10788.58932,10788.58932,10355.4,10439.19,39.34406854,56.8961896,29106.18819,39236.47198,0,67809.86788,10468.14188,10488.0375,10417.2975,NaN,NaN,NaN,10772.18261,10697.14462,9777.756494,10758.57462,0.60714674,1.29238604,19.86996783,13.30892479,17.20994114,23,149.0856509,0,47.03870801,10.74826646,20.42414429,23
2020-09-22,10613.88966,10613.88966,10380,10464.96,24.69088084,41.08201471,21554.99124,36379.30381,0,89364.85912,10485.25863,10517.081,10453.43625,NaN,NaN,NaN,10761.21038,10654.92923,9784.59434,10731.88238,1.129100157,1.559799299,19.36370663,12.81185374,16.56717219,23,210.6054698,0,45.89593434,9.480202064,18.01453431,23
2020-09-23,10539.42483,10558,10140.62,10424.8425,21.59504563,28.54333167,31139.60175,33456.48573,0,120504.4609,10291.92025,10411.917,10255.3995,NaN,NaN,NaN,10749.19724,10613.09528,9790.964968,10703.96967,0.67021341,1.354061199,19.6592488,11.95385106,19.29857704,23,228.5824947,0,46.58048955,7.505098372,26.21030602,23
2020-09-24,10482.13366,10793.88,10482.13366,10622.1075,35.08434808,27.12342485,32056.52728,31861.08136,0,152560.9882,10626.26249,10694.21553,10585.49066,NaN,NaN,NaN,10744.65832,10614.73387,9799.235043,10696.52765,1.057021239,0.698275399,18.9159298,15.06882289,18.14172254,23,261.4171999,0,43.8413746,18.06352773,21.30466381,23
2020-09-25,10552.12058,10820,10552.12058,10704.0575,56.2934921,37.6576286,18009.95851,29048.15714,18009.95851,0,10697.36545,10729.90115,10669.83524,NaN,NaN,NaN,10743.20829,10630.97453,9808.238252,10697.21218,1.556131275,0.498692599,18.11979554,14.83076634,17.32964652,23,278.7752748,0,40.98585756,16.85673501,18.21183218,23
2020-09-26,10628.08904,10799.06,10593.77,10717.82,74.92008402,55.4326414,17114.31647,27563.98013,35124.27498,0,10770.83263,10793.92775,10686.1505,NaN,NaN,NaN,10742.30157,10646.76461,9817.288817,10699.08562,1.235933117,0.989052547,17.380528,14.30239405,16.7122472,23,290.2507952,0,38.33430603,14.79873802,15.98839473,23
2020-09-27,10672.95452,10954.97,10672.95452,10829.0525,84.14385221,71.78580944,25873.8131,26381.62676,60998.08808,0,10871.28424,10921.4957,10834.46251,NaN,NaN,NaN,10745.39981,10679.90786,9827.356117,10710.90079,1.24796343,0.723027945,16.24516672,16.35426458,15.87550106,23,308.9015424,0,37.34917983,21.81534683,13.21741701,23
2020-09-28,10751.00351,10916.38,10638.72,10795.505,78.59076145,79.21823256,22131.4555,25706.13235,83129.54358,0,10746.31325,10777.55,10673.4275,NaN,NaN,NaN,10747.18928,10700.92553,9836.989439,10718.59208,1.080314399,0.790378524,15.12297795,15.52984005,15.69675365,23,288.506886,0,35.81325216,17.98026493,13.06135077,23
2020-09-29,10773.25426,10865,10638.28,10751.5175,66.76970199,76.50143855,20217.07886,25096.89535,0,20217.07886,10726.134,10768.644,10689.292,NaN,NaN,NaN,10747.34386,10710.12407,9846.089221,10721.5853,0.931253181,1.178377414,14.08290231,14.87064943,15.03871582,23,267.5625974,0,34.37776138,15.24485539,11.10380024,23
2020-09-30,10762.38588,10920,10681,10773.4875,55.17570448,66.84538931,20543.83966,24904.0996,0,40760.91852,10815.4375,10896.1,10770.625,NaN,NaN,NaN,10748.27756,10721.64469,9855.317064,10726.30368,1.090784162,0.992227089,13.29364024,15.2449527,14.34734912,23,242.250025,0,33.94181356,16.5419933,9.249562045,23
2020-10-01,10767.93669,10767.93669,10376.79,10580.185,44.8102682,55.58522489,33153.57962,25828.30855,0,73914.49815,10607.7794,10624.68106,10455.66443,NaN,NaN,NaN,10742.27426,10695.92475,9862.529681,10713.02017,0.579924711,1.143956048,13.41950289,14.0873162,19.08105196,23,171.7856579,0,34.14706782,12.28545385,26.60202391,23
2020-10-02,10674.06084,10674.06084,10463.93,10524.685,37.38676182,45.7909115,13369.47333,25417.66645,0,87283.97147,10537.25525,10555.946,10521.44,NaN,NaN,NaN,10734.50321,10664.79025,9869.118291,10695.89879,0.633140388,1.396138952,13.53637536,13.50242778,18.28882965,23,89.88836758,0,34.33766106,10.49701184,22.72946228,23
2020-10-03,10599.37292,10636.63,10518.86,10572.9375,32.83785777,38.3449626,9937.264551,24366.02647,0,97221.23602,10596.88263,10607.1875,10551.24675,NaN,NaN,NaN,10728.73301,10648.08975,9876.121467,10684.72049,1.433271223,1.400446327,13.64489979,13.17233422,17.84172303,23,23.88966387,0,34.5146405,9.525544201,20.62591725,23
2020-10-04,10586.15521,10773.45,10582.56,10668.265,38.99765591,36.40742517,15812.45818,23525.64575,15812.45818,0,10666.07438,10716.183,10644.59925,NaN,NaN,NaN,10726.57344,10651.75798,9884.003492,10683.22454,1.342486627,0.657500316,13.00794024,15.5346157,17.07628499,23,1.6314682,0,32.43262206,19.18624691,17.2319094,23
2020-10-05,10627.21011,10798,10620.83,10719.5075,57.04394833,42.95982067,17921.76637,22859.88053,33734.22455,0,10738.20513,10766.99525,10696.12725,NaN,NaN,NaN,10726.32108,10664.07607,9892.316965,10686.52299,1.244510932,0.54725861,12.28893118,15.46880637,16.40651897,23,0.790111814,0,30.93651889,18.36660986,14.58177081,23
2020-10-06,10673.3588,10751.12,10526.11,10660.315,64.60282182,53.54814202,19231.75874,22187.42488,52965.98328,0,10596.42563,10638.615,10571.112,NaN,NaN,NaN,10723.96372,10663.39224,9899.958736,10684.14044,0.859639962,1.055522403,12.07993759,14.68123723,17.71445241,23,-3.830324928,0,29.7996774,14.76237512,19.98110175,23
2020-10-07,10666.8369,10948,10531.48,10751.18,64.76225309,62.13634108,23787.1373,22239.92376,76753.12058,0,10640.8165,10739.74,10562.719,NaN,NaN,NaN,10724.93573,10679.35365,9908.4286,10690.23495,0.860723583,0.766183966,11.55591406,17.68390024,16.08217014,23,9.00359815,0,29.73550652,24.91311049,13.74144673,23
2020-10-08,10709.00845,11098,10709.00845,10976.525,63.89359676,64.41955723,24523.7025,22498.80615,101276.8231,0,10885.24588,10965.46465,10832.9293,NaN,NaN,NaN,10733.92106,10733.38481,9919.056425,10716.26132,1.227058756,0.56936682,11.72050381,19.45458552,14.71818172,23,78.04127301,0,31.03026866,28.55930534,10.07032395,23
2020-10-09,10842.76673,11489,10842.76673,11234.03,68.80518208,65.82034398,23803.08448,22899.58377,125079.9076,0,11352.13275,11441.394,11179.561,NaN,NaN,NaN,10751.7821,10824.4112,9932.140739,10763.3312,1.300694804,0.477408204,13.1763149,24.86284289,12.77908442,23,172.7127907,0,33.96404084,39.95812919,6.476983303,23
2020-10-10,11038.39836,11446.15,11038.39836,11366.1175,79.83917498,70.84598461,14068.40549,21667.82006,139148.313,0,11353.20813,11387.21125,11328.2725,NaN,NaN,NaN,10773.72265,10922.90326,9946.409164,10818.12995,1.312518622,0.669682179,14.52813949,22.81992577,11.72905927,23,254.3415638,0,36.68825786,31.18243651,5.054493909,23
2020-10-11,11202.25793,11589.5,11185,11431.2775,81.93463763,76.85966489,26312.87545,21528.15442,165461.1885,0,11392.30625,11427.7,11286.125,NaN,NaN,NaN,10797.20675,11015.33494,9961.183974,10873.87064,1.421338978,0.876269871,16.18402961,23.83825099,10.78254185,23,321.2241471,0,39.63698506,32.09349546,3.972601474,23
2020-10-12,11316.76772,11724,11305.46,11490.285,83.08575766,81.61985676,29945.597,21947.68471,195406.7855,0,11478.10775,11567.0475,11410.095,NaN,NaN,NaN,10821.95954,11101.6895,9976.398909,10929.90831,1.324481966,0.662410089,18.06439949,24.52280549,9.892943278,23,389.0784545,0,42.68643712,32.10260689,3.111266508,23
2020-10-13,11403.52636,11543.83,11290,11384.5725,74.50059605,79.84033045,25698.14756,21675.612,221104.933,0,11394.70488,11435.95225,11366.149,NaN,NaN,NaN,10842.05286,11153.12277,9990.410587,10971.24142,1.156164017,1.067923911,19.71430356,23.26896948,9.698536431,23,411.8180018,0,45.1580568,27.57088027,3.531853398,23
2020-10-14,11394.04943,11432.27,11254.29,11350.7375,61.33777157,72.97470843,23847.0646,21265.13886,0,23847.0646,11381.10075,11405.573,11338.8305,NaN,NaN,NaN,10860.22017,11189.05272,10003.94618,11005.74106,0.881498807,1.675598064,21.01487256,22.40398408,10.08385731,23,436.7119536,0,46.51710898,24.53522959,5.352106499,23
2020-10-15,11372.39346,11620,11188,11384.2825,48.0040831,61.28081691,40703.69813,22399.82584,0,64550.76273,11323,11490.4,11285.2,NaN,NaN,NaN,10878.93668,11224.54904,10017.68087,11040.15392,0.832781403,0.875127053,22.7325754,24.26842789,9.190794676,23,467.3376696,0,48.61543747,29.27315029,4.011895144,23
2020-10-16,11378.33798,11405,11256,11332.48,36.49493332,48.61226266,14913.85626,22289.80283,0,79464.61899,11339.8125,11356.575,11311.875,NaN,NaN,NaN,10895.13466,11244.17285,10030.76345,11066.72902,1.002943201,1.046936317,24.32758518,23.49552043,8.898083759,23,482.3740723,0,50.56388536,26.42077519,3.620976172,23
2020-10-17,11355.40899,11490.36,11301.13,11394.13,37.21437872,40.57113172,11995.30045,21595.8772,0,91459.91944,11426.49488,11457.24475,11357.899,NaN,NaN,NaN,10912.95592,11271.43779,10044.32928,11096.49274,1.33447654,1.383289478,26.03307647,24.39768265,8.526673501,23,513.5734196,0,52.69771254,28.92433522,3.135896932,23
2020-10-18,11374.7695,11819.99,11374.7695,11620.83,47.71911493,40.47614233,23159.67848,21647.28835,23159.67848,0,11454.57963,11603.83175,11418.55325,NaN,NaN,NaN,10938.23714,11334.96365,10060.01586,11144.15977,1.187200569,0.345906423,28.32757706,29.14551901,7.711133142,23,564.9014812,0,55.34480456,41.67481136,2.249587907,23
2020-10-19,11497.79975,11985,11497.79975,11841.34,66.05900894,50.3308342,35777.34402,22425.30161,58937.0225,0,11737.9375,11867.75,11691.875,NaN,NaN,NaN,10970.49081,11427.03207,10077.74048,11207.53979,1.21092382,0.469509879,30.73870923,29.62399895,6.930014507,23,633.2366929,0,57.97083568,39.49845582,1.622372907,23
2020-10-20,11669.56987,12826.22,11669.56987,12333.8,73.03393741,62.27068709,56601.20645,24228.16995,115538.2289,0,11940.89425,12341.11,11880.2555,NaN,NaN,NaN,11019.18043,11591.89897,10100.18883,11309.92708,1.179335286,0.387882247,33.89861039,38.49115465,5.504436853,23,739.1283518,0,60.74411914,54.5444407,0.887801647,23
2020-10-21,12001.68494,13200,12001.68494,12877.83,77.88285425,72.32526686,56162.32922,25378.60743,171700.5582,0,12782.54787,12926.75861,12714.23752,NaN,NaN,NaN,11085.56077,11825.70461,10127.82705,11452.46371,1.21396715,0.484068807,37.08294026,37.12863897,4.476918445,23,882.0098009,0,63.37607399,45.91284419,0.559648005,23
2020-10-22,12439.75747,13185.95,12439.75747,12968.1525,79.6570962,76.85796262,33896.9389,26404.98071,205597.4971,0,12952.10738,13035.93775,12903.574,NaN,NaN,NaN,11152.79619,12033.42241,10156.08899,11590.2536,1.396083614,0.815002008,40.039818,32.99790143,3.978839992,23,1001.647429,0,65.82003206,35.65471536,0.43460802,23
2020-10-23,12703.95498,13166,12703.95498,12978.51,85.77308095,81.1043438,22722.41192,27044.23807,228319.909,0,12961.95888,13022.61975,12868.21025,NaN,NaN,NaN,11218.00025,12205.25652,10184.17279,11716.45873,1.58123508,1.028140162,42.78549019,30.7189112,3.704042593,23,1095.018708,0,68.0894217,30.39791842,0.370531051,23
2020-10-24,12841.23249,13350,12841.23249,13071.3625,85.901443,83.77720672,27572.07462,27632.2189,255891.9836,0,12989.23837,13166.756,12937.701,NaN,NaN,NaN,11284.19176,12362.73033,10212.90104,11839.6318,1.413545369,0.831017837,45.45683196,31.13123691,3.423650758,23,1177.396644,0,70.22984478,31.3709505,0.308023418,23
2020-10-25,12956.2975,13250,12900,13017.6775,81.91981783,84.53144726,25373.53959,28004.80756,281265.5232,0,13096.875,13153.75,12996.25,NaN,NaN,NaN,11346.10197,12481.81164,10240.80926,11946.72686,1.228286485,0.9021854,47.93736361,29.47805164,3.241842082,23,1226.224108,0,72.21738049,27.39661886,0.269000462,23
2020-10-26,12986.9875,13630,12768.48,13245.855,75.49897381,81.10674488,37086.71118,28897.55518,318352.2344,0,13102.319,13328.468,12854.632,NaN,NaN,NaN,11413.95029,12620.72861,10270.71022,12064.82942,0.939949409,0.768885367,50.46646801,31.2833743,2.841804051,23,1270.872129,0,74.11618797,32.08373316,0.193553121,23
2020-10-27,13116.42125,13854.32,12900,13395.265,67.72436055,75.04771739,56478.46043,30532.12134,374830.6948,0,13723.101,13830.462,13353.302,NaN,NaN,NaN,11484.71153,12761.55341,10301.80031,12185.77811,1,0.667195348,52.92444359,30.2853776,2.477154367,23,1303.669447,0,75.89825265,29.68426802,0.139411776,23
2020-10-28,13255.84312,13476.03,12976.71,13277.0525,58.21903537,67.14745658,33030.45102,30957.45876,407861.1458,0,13245.0945,13288.785,13114.023,NaN,NaN,NaN,11548.72371,12855.28052,10331.40481,12284.98487,1.143247296,1.10592031,55.20684949,28.24332399,2.31012716,23,1305.241126,0,77.55302699,25.09350261,0.117851306,23
2020-10-29,13266.44781,13666,13100,13438.06,56.19877424,60.71405672,42527.89994,31893.69953,450389.0458,0,13333.475,13482.05,13184.9,NaN,NaN,NaN,11616.2,12961.24042,10362.31681,12389.80988,1.187737018,1.176773176,57.41579347,28.64793608,2.134439915,23,1323.114218,0,79.10468477,26.61595616,0.096668191,23
2020-10-30,13352.25391,14099.94,13352.25391,13730.19,60.2437385,58.22051604,40609.83602,33220.77106,490998.8818,0,13568.01213,13829.4682,13486.87059,NaN,NaN,NaN,11691.69964,13101.04944,10395.82798,12511.66262,1.285870352,0.52506919,59.634783,31.51722102,1.926057463,23,1368.798,0,80.5657775,33.80754637,0.074543465,23
2020-10-31,13541.22195,13893.78,13541.22195,13791.23,69.38910502,61.94387259,20056.42463,32907.94852,511055.3064,0,13739.77875,13818.4905,13695.2895,NaN,NaN,NaN,11766.68287,13226.53681,10429.61308,12627.98693,1.401021861,0.792973222,61.69527327,30.0285211,1.835081118,23,1407.308319,0,81.92250647,29.78897894,0.065682782,23
2020-11-01,13666.22598,13863.23,13192.98,13586.5825,66.93297606,65.52193986,36300.60546,33225.69894,547355.9119,0,13704.04562,13829.7175,13477.83625,NaN,NaN,NaN,11831.67929,13291.99966,10461.02571,12715.13198,0.844277813,1.231431499,61.77479863,27.38066648,6.254733274,23,1389.317434,0,78.48445689,23.22779991,11.49502315,23
2020-11-02,13626.40424,13799,13286.26,13571.5825,58.57675836,64.96627981,30005.98202,33441.09067,0,30005.98202,13523.40225,13606.7225,13388.808,NaN,NaN,NaN,11893.81869,13342.83291,10491.97652,12792.99112,0.784476662,1.08011902,61.84864361,25.52630973,5.831131211,23,1334.443298,0,75.29198228,19.18672031,9.495165064,23
2020-11-03,13598.99337,14058,13524.7,13800.8925,56.1616274,60.5571206,36143.23438,34055.89916,0,66149.21641,13758.01875,13884.6775,13684.69,13756.6855,13876.678,13674.024,11961.92847,13426.11647,10524.90106,12884.61852,1.317119804,0.813802531,62.19651138,27.15081369,5.419976084,23,1298.804732,0,73.6372363,24.60610739,7.743631696,23
2020-11-04,13699.94293,15150,13699.94293,14506.445,60.43471018,58.39103198,54586.12745,34750.02062,54586.12745,0,14314.20445,14625.57926,13904.50075,13744.1155,14418.615,13638.471,12052.80406,13622.53984,10564.51841,13032.05729,1.208577135,0.31883168,63.28767152,35.39202576,4.492435465,23,1319.531437,0,74.12992912,44.14417342,4.759572788,23
2020-11-05,14103.19397,15985,14103.19397,15318.2975,70.08806419,62.22813392,68162.94291,37412.47495,122749.0704,0,15525.8125,15777.625,15274,13758.4285,15394.528,13598.509,12169.42882,13930.85941,10611.8197,13239.89731,1.173624771,0.421644905,64.63906209,37.12529685,3.625353146,23,1410.296011,0,75.09062526,44.23191203,2.928753965,23
2020-11-06,14710.74573,15753.88,14710.74573,15421.2425,74.11568308,68.21281915,27811.9096,38203.30541,150560.98,0,15502.8075,15610.41,15409.552,15505.2415,15788.176,14188.981,12285.56503,14201.83816,10659.67465,13438.20142,1.34558066,0.793541085,65.89392477,33.28965684,3.250795882,23,1480.175264,0,75.98270025,34.92358584,2.312416213,23
2020-11-07,15065.99412,15450.01,14366,15128.3125,73.47034568,72.55803098,40030.62235,39046.85261,190591.6023,0,14975.75563,15233.208,14745.4035,15505.2415,15763.573,14385.805,12387.09172,14370.28804,10704.13871,13591.84788,1.123548758,1.251506213,65.86919413,29.83951161,6.209931969,23,1470.133121,0,74.27494196,27.42627121,8.643347578,23
2020-11-08,15097.15331,15850,14934.26,15285.7775,71.2300375,72.93868875,46707.57571,39593.36419,237299.178,0,15426.47025,15575.278,15254.769,15505.2415,15812.779,14656.438,12490.61621,14536.74067,10749.72715,13745.84148,1.111771105,0.951933992,66.09854336,31.03199929,5.674866092,23,1467.31618,0,73.42650597,30.42984355,7.046062881,23
2020-11-09,15191.4654,15491.34,14813,15119.1525,62.85608386,69.18548901,29847.28069,38255.6679,267146.4587,0,15330.23425,15423.506,15220.004,15431.4325,15738.97,14730.247,12584.49251,14642.63373,10793.20402,13870.68794,1.280412526,0.974072819,65.92033812,29.036186,6.459577632,23,1418.030996,0,71.76333029,25.98367271,8.628447366,23
2020-11-10,15155.30895,15708.48,15112.15,15413.7175,64.66320333,66.2497749,22586.18637,36576.86076,289732.6451,0,15387.95263,15559.3975,15246.32425,15406.8295,15738.97,14804.056,12685.53626,14782.83078,10839.17928,14010.96335,1.139557689,1.111024814,65.90769836,29.45955301,6.088838425,23,1425.021868,0,70.73357117,27.42649595,7.434731516,23
2020-11-11,15284.51323,16150,15284.51323,15845.3075,69.17007228,65.56311982,39742.01229,36869.11443,329474.6574,0,15840.5475,15920.121,15619.51,15401.7895,15861.217,14837.35,12798.38523,14976.00836,10888.9915,14177.72191,1.322552891,0.549423695,66.17503439,31.23395342,5.587595968,23,1480.545611,0,70.59576684,32.15890571,5.943090161,23
2020-11-12,15564.91036,16477.05,15564.91036,16145.65,77.86882224,70.56736595,34545.42772,37460.26522,364020.0851,0,16232.74275,16328.985,16077.2745,15399.44225,16034.1975,14735.1635,12917.9304,15188.67048,10941.29656,14356.62446,1.25469939,0.567642562,66.60405796,31.62883902,5.110141559,23,1550.534635,0,70.91163473,32.9316402,4.700667048,23
2020-11-13,15855.28018,16350,15750,16037.2375,78.85843718,75.29911057,24804.37344,37321.88016,388824.4585,0,16177.5,16290,15960,15399.44225,16122.768,14794.2105,13029.33423,15342.95539,10992.00244,14509.40747,1.307833194,0.867737083,67.002437,29.82357307,4.818472157,23,1580.380883,0,71.20494064,28.10124467,4.011175696,23
2020-11-14,15946.25884,16160,15692.38,15957.17,71.85508341,76.19411428,17272.56768,36916.83157,0,17272.56768,16025.55925,16089.857,15914.4995,15399.44225,16299.909,15059.922,13133.89979,15454.63078,11041.40709,14641.02224,1.119396074,1.296968959,67.16630626,28.46017696,5.161497481,23,1567.369978,0,70.82746607,24.58774531,5.05027463,23
2020-11-15,15951.71442,16476.18,15777.77,16182.77,70.26790335,73.66047465,24958.95408,36310.44371,0,42231.52176,16362.68838,16458.71975,16022.2135,15399.44225,16329.4325,15089.4455,13242.78801,15587.01973,11092.56493,14781.18113,1.023815854,0.891786661,67.51604313,29.61163899,4.807967726,23,1583.113934,0,71.11676169,28.50207458,4.094523045,23
2020-11-16,16067.24221,17362.17,16067.24221,16892.7,70.37084032,70.8312757,41370.70557,35555.05597,41370.70557,0,16710.11402,16968.47582,16550.17576,15424.24765,16326.0531,14867.8145,13373.14201,15824.41614,11150.27772,14973.13739,1.188057545,0.396906031,68.26734419,34.28065744,4.229523511,23,1665.085003,0,72.24554484,40.67237803,2.846172881,23
2020-11-17,16479.97111,18469.48,16479.97111,17723.1275,74.10883691,71.58252686,69203.15651,37363.69124,110573.8621,0,17677.30333,18098.6739,17525.60992,15428.4403,16442.1202,14365.3126,13528.49864,16169.63639,11215.67921,15223.13649,1.213796511,0.393107497,69.3155208,37.82949816,3.527364741,23,1793.874457,0,73.69376481,46.20626193,1.79510112,23
2020-11-18,17101.5493,18172.72,17101.5493,17857.45,74.98828683,73.15598802,40354.46457,37255.01947,150928.3266,0,17766.19375,17922.55,17588.99,15428.4403,16442.1202,13920.2824,13683.10404,16476.51159,11281.76648,15462.61954,1.337933802,0.735173194,70.28882765,34.50781068,3.217638102,23,1910.895589,0,75.0385405,37.00827572,1.437761776,23
2020-11-19,17479.49965,18720,17479.49965,18280.65,78.71791463,75.93834612,32728.35346,36860.94535,183656.6801,0,18171.75,18337.5,17929.5,15420.9845,16486.021,13784.465,13847.30211,16804.53675,11351.40711,15718.80413,1.432383556,0.891628179,71.33093739,35.45631148,2.900055048,23,2070.477375,0,76.42002057,38.59866055,1.116132316,23
2020-11-20,17880.07483,18970,17880.07483,18683.6225,84.38776239,79.36465462,32140.46593,37465.14741,215797.146,0,18639.24275,18760.2515,18550.503,15403.3285,16628.521,13579.153,14020.02784,17146.18871,11424.36448,15988.33307,1.334070115,0.657882223,72.35574276,34.38701708,2.652349699,23,2252.334066,0,77.75271293,35.50979911,0.89599882,23
2020-11-21,18281.84866,18900,17629.26,18402.0125,84.13042209,82.41203304,32196.77134,37259.9557,247993.9174,0,18566.43075,18804.6945,18201.093,15403.3285,17009.692,13579.153,14176.52729,17374.52031,11493.79381,16207.75847,1.063439894,0.923750305,72.59037342,31.05639826,4.307183061,23,2308.029747,0,77.11154507,27.58180721,5.102635957,23
2020-11-22,18341.93058,18760,18011,18333.8175,77.75838448,82.09218965,36011.60316,37560.23676,0,36011.60316,18507.2125,18647.65,18366.775,15403.3285,17554.222,13579.153,14325.00194,17548.93798,11561.85375,16401.03656,1.064822786,1.103973779,72.80824475,29.25761379,4.057711311,23,2291.847733,0,76.51617492,23.68565811,4.381848144,23
2020-11-23,18337.87404,19400,18026,18763.4875,69.99926735,77.29602464,47390.78829,38122.61446,0,83402.39145,18386.675,18953.45,18197.75,15434.1725,17696.163,13583.453,14483.51928,17769.76516,11633.5118,16615.80483,1.186877061,0.76448422,73.25052288,31.03613095,3.64108348,23,2304.592647,0,76.74306074,29.286895,3.309771584,23
2020-11-24,18550.68077,19485,18550.68077,19147.4225,71.53909637,73.09891607,36110.02562,37198.80936,36110.02562,0,19170.32463,19333.08775,18985.85975,15402.1945,17875.719,13584.303,14650.08726,18020.24832,11708.27708,16845.95189,1.233798152,0.685918659,73.6902262,29.5019238,3.386455709,23,2362.885167,0,77.03331268,25.81108649,2.739960006,23
2020-11-25,18849.05164,19193.17,16354.28,17895.5675,65.96568018,69.16801463,77906.87327,37686.00588,114016.8989,0,17179.11173,18434.29044,16712.90249,15402.1945,17875.719,13643.906,14765.99726,17997.57908,11769.84216,16941.37149,0.556950093,1.054815407,69.61417543,24.00813954,17.16319323,23,2200.291072,0,74.01460776,15.60640563,32.24504633,23
2020-11-26,18372.30957,18372.30957,16199.86,16765.18,49.41616509,62.30698055,48327.15419,38711.76811,0,48327.15419,16810.60487,17202.108,16669.66375,15402.1945,18233.337,14716.76,14837.39665,17773.50652,11819.54701,16925.35408,0.530899725,1.222034531,65.61425323,20.8139442,15.82540046,23,1833.238537,0,71.4593443,11.323883,25.34726847,23
2020-11-27,17568.74478,17568.74478,16467.11,16995.085,30.21540579,48.53241702,29527.32025,38186.60301,0,77854.47443,16999.02863,17219.58025,16830.3715,15402.1945,18173.734,14716.76,14914.45695,17631.97533,11871.0449,16931.69326,1.034461543,1.496146416,61.90003976,19.40410615,14.75346275,23,1468.046861,0,69.08659966,9.646064801,21.59165669,23
2020-11-28,17281.91489,18244.5,17281.91489,17842.7075,30.47452569,36.70203219,29223.08306,37312.37837,29223.08306,0,17734.37566,18017.77807,17473.64544,15402.1945,18114.131,14716.76,15019.03732,17670.29027,11930.46443,17014.51274,1.338242519,0.932361992,59.16580706,22.05411558,13.62615636,23,1274.064887,0,64.24988895,17.36033849,17.84356474,23
2020-11-29,17562.3112,19850,17562.3112,18800.8175,48.49051817,36.39348322,45522.71218,38096.14995,74745.79524,0,18530,19082,18026,15390.6635,18268.675,14726.507,15154.1009,17875.84068,11998.82615,17176.90408,1.228540453,0.27395823,57.87406576,28.3557232,11.84194623,23,1190.194468,0,62.76287549,32.37891518,12.76998157,23
2020-11-30,18181.56435,19888,18080,19135.265,66.95173778,48.63892721,52421.59357,39587.92031,127167.3888,0,19458.6,19707.2,19119.6,15401.8735,18360.808,14670.094,15296.28533,18104.82692,12069.8355,17354.93689,1.194859802,0.598724396,56.69897227,25.72323939,10.65455432,23,1151.028103,0,61.43423104,25.73925415,9.969573924,23
2020-12-01,18658.41467,19344.4,18324.5,18956.3025,74.53707895,63.32644497,35506.50323,39376.14486,162673.892,0,19025.68125,19165.9175,18732.46,15401.8735,18424.441,14670.094,15427.00023,18259.64066,12138.35755,17500.51558,1.269524666,1.178789915,55.60781404,24.24630753,10.0428098,23,1072.913015,0,60.20048976,22.29216571,8.634414685,23
2020-12-02,18807.35859,19535.36,18766.16,19181.6075,75.08311884,72.19064519,23235.54433,38810.65069,185909.4364,0,19102.685,19323.83,18939.23,15401.8735,18488.074,14670.094,15561.09335,18427.27099,12208.43964,17653.34212,1.383522441,1.19710469,54.73125135,24.2721271,9.59534216,23,1033.741159,0,59.42189934,22.57618917,7.666483724,23
2020-12-03,18994.48304,19610,18681.44,19192.695,71.92074419,73.84698066,27638.73118,38952.36857,213548.1676,0,19319.825,19470.716,19029.65,15401.8735,18551.707,14670.094,15690.79341,18566.439,12277.93472,17793.28329,1.21024173,0.843558571,53.75998991,22.94315775,9.569524111,23,968.5916163,0,58.18111994,19.3097869,7.877334022,23
2020-12-04,19093.58902,19179.21,18503,18933.8475,63.40794682,70.13726995,22840.39544,39230.75996,236388.563,0,18984.79963,19077.7785,18773.484,15401.8735,18551.707,14670.094,15806.61677,18633.24054,12344.16271,17896.97095,0.829047338,1.211749693,52.51859974,21.98049029,10.25356934,23,825.4601359,0,55.87891182,17.02306241,10.00835407,23
2020-12-05,19013.71826,19350.01,18852.14,19109.04,59.45309793,64.92726298,15538.92092,38759.7583,251927.4839,0,19094.85162,19213.09575,19013.94775,15401.8735,18615.34,14670.094,15924.56045,18719.74953,12411.47492,18007.15904,1.132384333,1.207571796,51.51834336,22.36983712,9.929676196,23,705.8703744,0,54.37279203,18.69159504,9.042133714,23
2020-12-06,19061.37913,19424.68,19018.69,19195.79,56.94622793,59.93575756,19056.84495,37644.06527,270984.3289,0,19226.75987,19302.883,19140.487,19156.2205,19633.468,15942.754,16041.39008,18806.30235,12478.98054,18115.2164,1.570541898,0.728420331,50.65782749,22.26247137,9.661659128,23,631.1275287,0,53.2595869,18.66476134,8.232048284,23
2020-12-07,19128.58457,19300,18606,18981.455,55.61115749,57.33682778,28713.19779,35619.56734,299697.5267,0,19187.225,19230.6,18866.25,19156.2205,19633.468,16006.387,16146.3924,18838.14828,12543.68178,18193.96536,0.776234329,1.04546405,49.01483158,21.2086449,12.01919251,23,564.7971981,0,49.63275426,15.66582461,16.46390461,23
2020-12-08,19055.01978,19055.01978,17650.15,18436.4425,50.03780827,54.1983979,44795.11153,35841.59968,0,44795.11153,18215.085,18489.482,17940.688,19156.2205,19633.468,16070.02,16228.1799,18765.11087,12602.31622,18216.00874,0.34796336,1.176123464,45.8985664,19.22475392,17.25931373,23,416.9103122,0,49.48747025,11.13763609,31.371434,23
2020-12-09,18745.73114,18745.73114,17911,18257.6725,40.58881798,48.74592791,27059.04001,35558.13401,0,71854.15154,18355.92612,18473.96775,18183.40375,19156.2205,19633.468,16070.02,16300.66178,18672.84935,12658.58842,18219.79635,0.689676856,1.247485547,43.0048916,18.13904235,16.28459974,23,290.9009147,0,49.35256366,9.169192822,25.82691022,23
2020-12-10,18501.70182,18501.70182,17571.51,18061.9975,35.00435739,41.87699454,37322.49629,35817.23553,0,109176.6478,17841.78188,18068.81025,17657.997,19156.2205,19633.468,16133.653,16363.56663,18561.78537,12712.35368,18205.451,0.955442814,1.31350828,40.05296332,16.98771399,17.56751469,23,189.6158458,0,49.99195098,7.357796222,27.93476792,23
2020-12-11,18281.84966,18525.3,17872.41,18226.1,32.85793245,36.15036927,20464.03065,35230.5985,0,129640.6785,18337.59413,18508.97775,18100.9215,19156.2205,19633.468,16197.286,16430.08568,18500.75167,12767.21683,18207.32819,0.975623496,1.139241787,37.27562218,16.37547142,16.76325662,23,119.1436617,0,50.38845382,6.804821314,23.80822008,23
2020-12-12,18253.97483,19419,18253.97483,18850.6475,44.52487236,37.4623874,31136.37759,34986.83722,31136.37759,0,19300.56563,19419,18839.9875,19156.2205,19633.468,16197.286,16516.53431,18564.36909,12827.74848,18265.81176,1.354639477,0.487930366,35.75216437,21.21327727,15.37798998,23,171.1416731,0,47.8465219,23.98765366,17.80217159,23
2020-12-13,18552.31117,19392.19,18552.31117,19198.2225,65.05233309,47.4783793,21712.14061,33702.90483,52848.51821,0,19153.93525,19250.251,19088.035,19156.2205,19633.468,16260.919,16612.30889,18679.61517,12891.13628,18350.57637,1.320756161,0.559831687,34.33752498,19.96248045,14.47125875,23,322.4047032,0,45.48615654,19.62957213,14.56786963,23
2020-12-14,18875.26683,19570,18875.26683,19306.1275,81.3609262,63.64604388,24827.57151,33138.78213,77676.08972,0,19212.5,19362,19115,19156.2205,19633.468,16260.919,16708.5167,18793.5265,12954.96704,18437.44466,1.404852824,0.901603793,33.24951641,20.24351404,13.74908946,23,526.2536291,0,44.0445199,20.57281792,12.26403023,23
2020-12-15,19090.69717,20722,19090.69717,20016.995,83.36856574,76.59394168,42322.83382,31359.58016,119998.9235,0,19406.175,20145.2,19316.05,19174.5805,19786.351,16259.674,16826.67664,19015.97532,13025.23597,18581.04014,1.231460734,0.428293457,33.43939687,25.88814261,12.2084706,23,694.6482462,0,45.37126177,36.43837019,8.376062597,23
2020-12-16,19553.84608,23850.21,19553.84608,22097.3025,76.91095059,80.54681418,76399.06623,32763.17576,196397.9898,0,22766.76763,23330.15766,21423.2991,19152.10295,19720.006,16002.8224,17014.91328,19576.21662,13115.50529,18900.70036,1.114476619,0.277926682,35.34565619,37.20431509,9.26418649,23,943.719916,0,48.28281037,55.01317005,4.098526618,23
2020-12-17,20825.57429,23705.83,20825.57429,22977.84,75.82336871,78.70096168,50334.54452,33803.53697,246732.5343,0,22961.48387,23221.1395,22632.58675,19152.10295,19720.006,15899.5673,17227.87495,20194.6936,13213.63798,19271.34942,1.241740153,0.584229044,37.11575412,31.68714651,7.890365241,23,1258.680632,0,50.9863912,38.52595857,2.870215742,23
2020-12-18,21901.70715,23650,21901.70715,23051.2525,78.71701739,77.15044556,24871.51414,33585.95852,271604.0484,0,23035,23230,22750,19152.10295,19720.006,15796.3122,17435.85272,20714.06795,13311.52469,19614.97697,1.507256439,1.043255461,38.75941648,28.88692684,7.193087058,23,1582.752314,0,53.49685912,31.38849131,2.338468535,23
2020-12-19,22476.47982,24188,22476.47982,23674.0875,85.79732744,80.11257118,31134.46516,32866.54617,302738.5136,0,23567.135,23801.684,23360.18,19122.9325,19602.781,15657.36,17658.64682,21252.25332,13414.63477,19983.98702,1.477166112,0.860636978,40.49949605,29.10400889,6.580044888,23,2021.077134,0,56.00078952,31.39690988,1.906294619,23
2020-12-20,23075.28366,24288,21906,23291.6475,84.27075652,82.92836712,50815.96721,32786.26486,353554.4808,0,23841.375,24109.35,22858.8,19175.4325,19767.414,15569.727,17859.82541,21623.05226,13512.9135,20284.68342,1.001048695,0.844143922,41.19525486,25.80742505,8.547479804,23,2354.718118,0,55.79668924,23.75832929,7.269232492,23
2020-12-21,23183.46558,23639.91,22373.62,23113.745,78.3192236,82.79576919,39020.00758,32961.94007,0,39020.00758,22800.99287,23101.73675,22595.22075,19175.4325,19767.414,15569.727,18047.4654,21894.08731,13608.44416,20541.87084,0.971806018,1.150232027,41.84131662,24.23581416,8.026958586,23,2584.735665,0,55.60716755,20.45188943,6.257575496,23
2020-12-22,23148.60529,24150.65,22693,23408.8975,69.40001492,77.32999835,47351.79588,34167.75265,0,86371.80346,23512.92813,23786.2375,23348.9425,19175.4325,19767.414,15462.094,18238.94511,22169.50734,13705.96111,20802.50963,1.288919727,1.050423284,42.7105575,24.99410007,7.463517307,23,2842.453255,0,56.12748848,22.88554873,5.213555485,23
2020-12-23,23278.7514,23681.85,22616,23244.8675,61.81793349,69.845724,35955.15952,34583.57407,0,122326.963,23188.89438,23388.74125,22882.4625,19175.4325,19767.414,15354.461,18417.72806,22365.02737,13800.8756,21024.54216,1.096049138,0.983380226,43.38401463,23.68492659,7.450986282,23,3023.845831,0,56.17168185,19.85739544,5.479609203,23
2020-12-24,23261.80945,24682.89,23112.17,23761.16,62.0583805,64.42544297,35079.79249,35195.54392,0,157406.7555,23563.752,24290.21,23465.582,19159.58595,19773.2864,15310.0104,18608.56491,22618.86967,13899.98291,21273.3256,1.158983073,0.798131663,44.50647459,26.75840595,6.879137681,23,3207.466591,0,57.38697616,28.45555024,4.405746564,23
2020-12-25,23511.48472,25671.11,23511.48472,24826.26,65.79793751,63.2247505,30381.08088,35937.65192,30381.08088,0,24851.20812,25040.41625,24367.67625,19172.78065,19719.3691,15225.1974,18830.62545,23020.21336,14008.70208,21596.31964,1.240054112,0.46673569,45.93992953,28.69728549,6.177164127,23,3492.678583,0,59.12695778,32.81515816,3.295709056,23
2020-12-26,24168.87236,28424.49,24168.87236,26747.495,70.77155461,66.20929087,61967.33119,38083.17623,92348.41208,0,27434.6827,27870.19791,26524.05998,19112.12125,19633.6139,14865.6811,19113.37079,23697.90093,14135.45624,22064.60831,1.164717436,0.416764096,47.9962088,35.1058397,5.077613415,23,3935.421591,0,61.42910845,45.0252544,2.033634064,23
2020-12-27,25458.18368,27522.01,25458.18368,26908.2275,73.13443553,69.90130922,40720.14857,38683.52377,133068.5606,0,26869.63438,27185.3,26596.0575,19112.12125,19782.6118,14567.6853,19391.75853,24281.59667,14262.54849,22504.93732,1.30804909,0.707110307,49.90561098,32.11980876,4.645722001,23,4295.685557,0,63.56681979,36.5422112,1.650484521,23
2020-12-28,26183.20559,27238.09,25888.88,26663.985,70.62808958,71.51135991,35759.56484,38231.74644,168828.1255,0,26749.00138,27001.97825,26428.564,19112.12125,19782.6118,14120.6916,19651.48091,24714.75819,14385.94587,22883.03257,1.50395234,1.347608372,51.6786273,30.3050416,4.383239002,23,4462.518475,0,65.55183746,31.66675282,1.430277032,23
2020-12-29,26423.5953,28597.77,26242.37,27402.7825,72.42046879,72.06099797,41877.37536,38972.6632,210705.5008,0,27979.4775,28538.885,27302.3,19177.10125,19855.3894,13826.1614,19928.3131,25203.48988,14515.46663,23293.91893,1.211678508,0.709615857,53.59616232,32.93809092,3.962347355,23,4642.743725,0,67.60298328,37.54303215,1.107754946,23
2020-12-30,26913.1889,29306.8,26913.1889,28522.7225,76.03502439,73.02786092,42286.88159,39220.88247,252992.3824,0,28851.8625,29124.825,28433.32,19127.3455,20153.182,13524.7,20235.2563,25806.98672,14654.84231,23769.2647,1.215688882,0.564391416,55.49606846,32.62272938,3.585552593,23,4852.783422,0,69.58132187,35.77926192,0.861099122,23
2020-12-31,27717.9557,29619,27717.9557,28976.3125,81.93297532,76.79615617,29516.27242,39673.49456,282508.6549,0,29179.30163,29423.5785,28902.4545,19238.1765,20767.135,13524.7,20547.43688,26383.22777,14797.34451,24242.63269,1.343586519,0.762209094,57.31059689,31.40420205,3.315858387,23,5005.855743,0,71.44861581,32.27502578,0.705210297,23
2021-01-01,28347.1341,31800.96,28347.1341,30329.535,81.46826155,79.81208709,36273.6557,39930.35846,318782.3106,0,29225.44063,30453.76525,28948.077,19098.9593,21931.7796,13524.7,20896.79752,27100.73818,14951.89366,24795.98744,1.267783372,0.534225872,59.28368608,35.4799969,2.890477476,23,5229.263084,0,73.31711259,41.27773288,0.499748342,23
2021-01-02,29338.33455,34762.8,29338.33455,32616.155,78.1570904,80.51944242,59882.65701,41838.88428,378664.9676,0,33856.955,34443.09,32205.12,19152.7965,22657.083,13524.7,21315.346,28103.54124,15127.65746,25506.91177,1.182510214,0.420631764,61.36972868,38.88926678,2.375119818,23,5624.867798,0,75.12524618,46.12570563,0.317910529,23
2021-01-03,30977.24477,33860.36,27777,31720.465,70.38655966,76.6706372,79897.05069,44592.35824,458562.0183,0,33175.982,33556.192,30970.764,19152.7965,22869.464,13524.7,21686.9574,28761.16374,15292.76002,26071.78024,0.950456835,0.821043514,61.7165512,31.99885944,6.501742115,23,5714.225952,0,73.68440921,30.54541745,8.879844713,23
2021-01-04,31348.85489,32833.01,29901.56,31641.7575,63.91520756,70.81961921,49662.99651,44959.36637,0,49662.99651,31477.21438,31880.28875,30780.995,19152.7965,22869.464,13524.7,22042.48597,29284.90806,15455.43661,26578.14181,1.062477795,1.214068849,62.03860068,29.3044001,5.954263859,23,5695.250454,0,72.34648917,25.38130789,7.378588722,23
2021-01-05,31495.30619,35781,31495.30619,33548.9375,63.01762573,65.77313098,51275.4222,43703.18417,0,100938.4187,34025.295,35078.718,33674.154,19200.0565,23094.909,13524.7,22453.43067,30060.18614,15635.47145,27211.85051,1.51520467,0.733878103,62.83339508,33.92604696,5.257281624,23,5930.968021,0,72.37016778,35.62642595,5.636998546,23
2021-01-06,32522.12185,38950,32522.12185,36683.94,69.17636184,65.36973171,52049.12792,43788.91334,52049.12792,0,37139.3055,38249.086,35795.887,19245.3925,23186.314,13524.7,22961.66315,31264.50502,15844.90895,28072.94955,1.244602067,0.429042898,63.93976579,36.37075631,4.421335507,23,6491.781572,0,73.0671145,39.82129323,3.907754073,23
2021-01-07,34603.03092,41900,34603.03092,39549.885,78.39708402,70.19702386,76574.66914,46374.07109,128623.7971,0,38873.56438,40016.8845,37595.736,19057.8835,23456.055,13524.7,23554.09964,32770.93775,16080.77935,29116.30732,1.226430552,0.554166258,65.21722792,37.0310448,3.701748234,23,7292.075919,0,74.08061332,40.00522003,2.722595468,23
2021-01-08,37076.45796,41617.55,37076.45796,40390.365,83.49872086,77.02405557,43264.74778,46980.58522,171888.5448,0,40372.81063,40938.60125,39656.1425,19057.8835,23456.055,13524.7,24155.39483,34156.28816,16322.66578,30141.22166,1.384719767,0.774663268,66.40344276,33.38907098,3.337684238,23,8119.650488,0,75.02171937,32.36860292,2.202877813,23
2021-01-09,38733.41148,41350,38500,40009.47,84.20258725,82.03279738,34751.09891,46177.34181,206639.6437,0,40601.875,41065,39925,19057.8835,23739.808,13524.7,24721.6118,35220.50304,16558.35537,31038.33514,1.527252138,1.074413902,67.50492797,31.3079617,3.12964953,23,8633.281015,0,75.89560356,28.15262932,1.915955491,23
2021-01-10,39371.44074,39759,31091.41,35526.2975,70.09307947,79.26479586,117668.7503,50109.77895,0,117668.7503,34666.79088,36942.03325,32608.23825,19057.8835,25726.079,13524.7,25107.49343,35276.10203,16747.09112,31446.33172,0.470132039,1.136647842,64.1602055,25.87350606,17.00644166,23,8130.290475,0,72.06170878,18.65080418,29.30770024,23
2021-01-11,37448.86912,37448.86912,30408,33116.4725,48.80983196,67.70183289,94077.61252,52446.06978,0,211746.3629,35162.34763,36175.56925,32902.084,19057.8835,26577.338,13524.7,25393.5284,34883.44212,16909.97053,31598.1627,0.477253772,1.228753499,60.77573215,22.5460503,16.06761265,23,7131.989934,0,68.85253249,13.99071783,24.41010567,23
2021-01-12,35282.67081,35545.46,32366,34105.39,32.52791802,50.47694315,64569.50846,53876.78723,0,276315.8713,34392.90575,35068.541,33558.2975,19057.8835,27144.844,13524.7,25704.66632,34741.97809,17081.06923,31826.09245,1.124711248,1.412270481,57.6330069,21.21898185,15.12186731,23,6236.304317,0,65.87258307,12.26140436,21.39291063,23
2021-01-13,34694.03041,40131,34392.15,37188.01,39.50526177,40.28100391,50621.99532,54653.89737,50621.99532,0,38050.66688,39557.115,36974.6325,19057.8835,27712.35,13524.7,26114.78573,35186.71117,17281.1383,32313.5395,1.401668863,0.67747221,55.9095989,27.10491322,13.50008789,23,5868.600909,0,62.84680093,26.72061238,16.54755873,23
2021-01-14,35941.0202,40036.29,35262.13,37619.3925,56.37194818,42.80170932,47620.29396,55515.85802,98242.28928,0,38425.011,39439.52,37291.148,19057.8835,28279.856,13524.7,26525.66455,35629.01686,17483.50898,32795.88978,1.241613479,0.557621135,54.30929146,24.83249935,12.36827143,23,5531.715311,0,60.03714608,21.82492046,13.51575136,23
2021-01-15,36780.20635,37946.24,34359.8,36348.5175,65.74304558,53.87341851,47710.65312,54803.02412,145952.9424,0,36197.8505,37318.613,35525.393,19057.8835,28847.362,13524.7,26876.48072,35759.83516,17671.22051,33118.85593,0.99613066,1.261316173,52.40504472,23.2552114,13.18073231,23,4942.292146,0,56.46552324,18.62121677,15.2249483,23
2021-01-16,36564.36193,37749.5,33855.94,36199.56,61.54523443,61.22007606,38072.07837,54670.62061,0,38072.07837,35072.6775,36386.754,34634.652,19057.8835,29131.115,13524.7,27209.44784,35839.78513,17855.5821,33398.91994,0.812006684,1.305720588,50.40251268,21.64764406,13.16415035,23,4282.94087,0,52.59276782,15.52801097,14.84553341,23
2021-01-17,36381.96096,37495.77,34778.15,36103.5025,48.76156684,58.68328228,32429.45777,54504.11525,0,70501.53614,35899.16825,36748.4245,35525.4955,19057.8835,29414.868,13524.7,27527.09265,35887.73374,18037.15345,33644.79108,1.063279173,1.068137609,48.54301865,20.57837616,12.51391777,23,3531.582609,0,48.99663779,13.56243315,12.96634545,23
2021-01-18,36242.73173,37527.61,35398,36664.8425,43.54534847,51.28404991,34436.07666,54132.05032,0,104937.6128,36968.58738,37314.649,36462.805,19057.8835,30266.127,13524.7,27853.44086,36029.02625,18222.50359,33919.34121,1.318132212,1.04577666,46.82650036,19.81473638,12.01315836,23,2887.652716,0,45.70582817,12.23123322,11.53597046,23
2021-01-19,36453.78712,37875,34000,35846.69,43.3121112,45.20634217,43202.94824,54177.85365,0,148140.561,34726.5625,36131.25,34193.75,19057.8835,30833.633,13524.7,28138.91404,35995.8742,18397.86863,34094.55474,0.870407903,0.936843525,44.50661708,18.37396516,13.76292147,23,2116.001767,0,44.25992477,9.777886387,16.45850647,23
2021-01-20,36150.23856,36150.23856,31050,33072.69,41.25181017,42.70308995,59929.09941,55698.495,0,208069.6604,34674.48563,35316.05375,32516.48375,19057.8835,31401.139,13524.7,28315.12033,35464.38616,18543.88675,34001.65794,0.515556052,1.153463491,41.58072831,16.65719533,17.88129979,23,869.3884606,0,45.15945013,7.351779326,26.72626548,23
2021-01-21,34611.46428,34611.46428,28857.02,31360.915,35.3573646,39.97376199,75765.47427,57673.08593,0,283835.1347,31506.68063,32048.01675,30473.22075,19057.8835,31401.139,13524.7,28423.89871,34718.3005,18671.41937,33761.5904,0.526197119,1.30065694,39.63080395,14.95892384,19.9436327,23,-553.0016844,0,46.86155325,5.446023039,29.67702617,23
2021-01-22,32986.18964,33809.97,31390,32383.4675,32.16889908,36.25935795,35448.00604,56451.35338,0,319283.1408,32448.73688,33144.47825,32055.49175,19057.8835,31684.892,13524.7,28565.31188,34293.78541,18807.85766,33636.3065,1.03790029,1.281731427,37.82015989,14.29111644,19.05329422,23,-1537.920225,0,48.44207758,4.786008468,26.08040722,23
2021-01-23,32684.82857,33086.94,31570.24,32121.1225,34.35523624,33.96049998,26076.20982,53760.31134,0,345359.3506,32688.80625,32859.435,32101.085,19057.8835,31684.892,13524.7,28692.30511,33898.75579,18940.32795,33498.5625,1.676828246,1.377088166,36.13884756,13.87791583,18.50240424,23,-2614.611706,0,49.90970731,4.375507968,23.84346588,23
2021-01-24,32402.97553,34851,30915.05,33044.645,44.23939601,36.92117711,42055.33636,53379.92833,0,387414.6869,33227.42063,33670.215,31800.63875,19057.8835,31684.892,13524.7,28847.74583,33743.46292,19080.66942,33457.29727,0.912895565,0.809078155,33.75648896,16.1911551,17.11912183,23,-3450.124359,0,47.57321892,13.17874494,18.65353782,23
2021-01-25,32723.81027,34642.19,30820,32920.6875,53.80312462,44.13258562,45768.69223,53104.59183,0,433183.3792,31823.32488,32731.095,31202.219,19057.8835,31968.645,13524.7,28993.20803,33593.86739,19218.38104,33408.51457,0.903296409,0.799533136,31.58459516,15.01703064,16.05803794,23,-4095.830159,0,45.52323375,10.42441302,15.27472002,23
2021-01-26,32822.24888,32913.34,29231.31,31056.32,52.56305258,50.20185773,46867.09773,52845.49032,0,480050.4769,32038.85787,32361.0355,30612.07125,19057.8835,31968.645,13524.7,29066.8906,33132.49513,19336.17148,33194.6787,0.774868894,1.256978653,30.22075829,13.96438178,17.95087828,23,-4766.947086,0,45.34088425,8.32507947,20.87053408,23
2021-01-27,31939.28444,32200,29500,30987.4475,43.84027144,50.06881621,41060.31026,51069.77238,0,521110.7872,31356.25,31795,30512.5,19057.8835,31684.892,13524.7,29135.48192,32742.48647,19452.10457,32994.02132,0.792257149,1.381076639,28.95433834,13.23330477,17.0110963,23,-5055.548978,0,45.17155971,7.029976266,17.62377882,23
2021-01-28,31463.36597,38538,31463.36597,34807.9975,41.21542597,45.87291666,97136.51667,53763.36082,0,618247.3038,33631.0125,36299.725,31995.35,19057.8835,32252.398,13524.7,29338.07176,33118.03393,19604.89953,33158.92824,1.171321253,0.404853692,28.43977807,22.86323854,14.69429026,23,-4361.659843,0,45.50658634,34.12173565,11.41582689,23
2021-01-29,33135.68174,37536.77,32837.11,35426.4725,52.57925481,45.87831741,56464.40158,54849.02596,56464.40158,0,34188.26225,34834.4655,33307.076,19057.8835,32252.398,13524.7,29555.51464,33537.75004,19762.32811,33365.06863,1.233562604,0.52550305,27.96197211,20.95062693,13.46504751,23,-3425.739848,0,45.81768251,26.7818724,8.96018955,23
2021-01-30,34281.07712,34774.99,32540.01,33595.98,57.79541384,50.53003154,29647.56383,50447.96663,86111.96541,0,33741.31175,34272.1195,33489.8765,19057.8835,32536.151,13524.7,29699.81698,33548.3373,19899.97639,33386.06057,1.056044643,1.410160461,27.37672609,19.85217442,13.29872886,23,-3193.251056,0,45.62058837,22.98586388,9.149081807,23
2021-01-31,33938.52856,34678,32168.08,33214.025,51.51946775,53.96471213,38142.24174,47651.19809,0,38142.24174,33705.406,34427.008,33046.552,19057.8835,32536.151,13524.7,29825.32441,33487.55325,20032.45449,33370.42097,0.75529672,1.409030957,26.64956384,18.92309044,13.36984967,23,-3228.3213,0,44.7597861,19.91738871,9.905901912,23
2021-02-01,33576.27678,35650,33144,34167.5675,42.07184827,50.46224329,30003.55699,45922.90052,0,68145.79872,33739.175,34710.25,33457.25,19057.8835,32536.151,13524.7,29980.40452,33611.1922,20173.10238,33442.88884,1.1204146,0.825553438,26.31144647,19.87477568,12.72929372,23,-2990.579467,0,44.80552671,22.6122062,8.491208061,23
2021-02-02,33871.92214,36920,33871.92214,35764.2475,48.76714128,47.4528191,29941.31781,44888.86664,29941.31781,0,35951.87075,36626.6275,35511.812,19057.8835,32819.904,13524.7,30186.97034,34002.6568,20328.23815,33653.92145,1.306773182,0.59633263,26.41157246,21.16154312,11.97761776,23,-2149.036894,0,45.72677016,26.0112615,6.976407991,23
2021-02-03,34818.08482,38696.38,34818.08482,37066.6075,60.08108484,50.30669146,41222.58136,44568.98101,71163.89917,0,37650.61,37872.44,36921.74,19057.8835,32819.904,13524.7,30432.67166,34559.73875,20494.78909,33964.16563,1.241697178,0.560176736,27.02390809,23.00614628,11.08100484,23,-960.4157074,0,47.43606797,30.3856992,5.434467407,23
2021-02-04,35942.34616,38256.95,35942.34616,37292.1,73.50289799,60.78370803,27350.31069,43550.96389,98514.20986,0,37397.42612,37699.421,36863.1275,19057.8835,32819.904,13524.7,30677.65125,35056.5317,20661.92651,34266.70512,1.334322264,0.784115647,27.59250547,21.95008008,10.57234622,23,103.7511801,0,49.02327308,26.08471637,4.665238736,23
2021-02-05,36617.22308,40850,36617.22308,39223.2675,77.47155637,70.3518464,38215.98268,43558.15911,136730.1925,0,39361.44013,40489.137,38414.17475,19057.8835,33103.657,13524.7,30982.85183,35814.12003,20846.61647,34717.3017,1.27478748,0.67107152,28.79623087,25.20926676,9.69581946,23,1355.942805,0,51.34661187,34.68406246,3.524760877,23
2021-02-06,37920.24529,40963.73,37583.19,39330.58,78.1169053,76.36378655,34144.87049,43643.92974,170875.063,0,38639.60875,39611.514,38174.7845,19057.8835,33103.657,13524.7,31280.98498,36453.47639,21030.53651,35136.69064,1.21552286,0.64446771,29.941063,23.75522443,9.050448685,23,2532.256683,0,53.53172109,28.53988174,2.833288935,23
2021-02-07,38625.41264,44195.33,37351,40779.805,73.14594192,76.2448012,50041.84788,44424.2183,220916.9109,0,38120.98713,41970.92275,37351,19198.76655,33460.6095,13524.7,31620.22855,37240.08159,21227.04664,35649.70103,1.071763936,0.672824202,31.68509893,26.72851366,7.903431295,23,3785.294436,0,56.11247727,34.73585776,1.893305103,23
2021-02-08,39702.60882,48126.35,39702.60882,45272.27,72.37432017,74.54572247,51963.57087,44862.24944,272880.4818,0,46237.835,47846.57,44908.88,19233.97225,33593.657,13524.7,32107.80146,38700.47948,21466.30259,36524.48003,1.13881379,0.53087591,33.90629972,29.59594284,6.76674985,23,5481.270306,0,58.79985159,38.7673417,1.253509517,23
2021-02-09,42487.43941,47478.45,42487.43941,45581.4975,72.6800136,72.73342523,37814.8849,43756.53871,310695.3667,0,46494.24825,47197.2495,45791.247,19233.97225,33593.657,13524.7,32589.00489,39951.57367,21706.25478,37347.84525,1.382894853,0.755260473,35.96884331,27.10827112,6.197974179,23,6778.671076,0,61.29527061,31.00709963,1.00258859,23
2021-02-10,44034.46846,48348.4,43763.78,46104.655,78.0203601,74.35823129,33970.26739,41666.77837,344665.6341,0,44852.62725,45597.628,43878.3955,19270.6105,33722.446,13524.7,33071.70668,41070.31573,21949.02493,38143.91887,1.424115273,0.976810927,38.00430281,26.48393878,5.722177151,23,7753.271477,0,63.66610066,28.7585065,0.815215738,23
2021-02-11,45069.56173,48974.35,45069.56173,47526.265,81.6758263,77.45873334,28186.93891,41303.72501,372852.573,0,47602.69075,47989.569,47075.1295,19019.39575,33731.0005,13524.7,33587.9409,42244.12469,22203.52483,38996.85943,1.304158103,0.823792195,39.98031709,25.79629065,5.345767413,23,8820.391825,0,65.9059221,26.64625196,0.679929933,23
2021-02-12,46297.91336,48100,46230,47110.4375,82.34530911,80.68049851,21684.38548,41084.13379,394536.9585,0,47562.375,47819.5,46931.25,19019.39575,33731.0005,13524.7,34070.88721,43128.90883,22451.35481,39734.45743,1.42706674,1.043014564,41.81518749,24.94985041,5.170359534,23,9513.520636,0,67.9857563,24.2383598,0.618487973,23
2021-02-13,46704.17543,49700,46659.8,47997.36,81.2772787,81.76613804,24530.39493,40207.88672,419067.3534,0,48825.9425,49700,47495.855,19131.8715,33782.868,13524.7,34568.26124,44014.08177,22705.54392,40485.63039,1.323864256,0.852215796,43.74269593,26.4535588,4.889463581,23,10187.70353,0,70.01654532,28.64302449,0.522529696,23
2021-02-14,47350.76772,49288.93,45688.66,47866.1525,75.13257905,79.58505562,28172.9567,39328.09994,447240.3101,0,47713.81188,48388.8625,46408.714,19131.8715,33782.868,13524.7,35043.18593,44714.45827,22955.89823,41156.58695,0.918478662,0.82095695,44.85404041,24.73947216,6.320460444,23,10595.86732,0,69.44433109,23.29336296,5.462890801,23
2021-02-15,47608.46011,50580,47020,48626.2875,70.01537837,75.47507871,32691.3922,38619.31467,479931.7023,0,49022.5,49512,48177,19268.2715,33905.115,13524.7,35528.2967,45425.69995,23211.32499,41835.65063,1.050305366,0.877099607,46.10274697,25.48346636,5.912498796,23,10682.15283,0,69.52494382,25.72643752,4.438302737,23
2021-02-16,48117.3738,51666,47768.11,49890.255,67.98159452,71.04318398,37349.83118,38433.79071,517281.5335,0,51130.04013,51568.55275,49229.81875,19055.1885,34121.002,13524.7,36041.22378,46237.43723,23476.78698,42567.8874,1.278825512,0.681267758,47.43246677,25.65163574,5.494331787,23,10614.53734,0,70.00264008,26.16249309,3.531727995,23
2021-02-17,49003.8144,52615.2,49003.8144,51537.405,73.09230987,70.36309426,23064.93986,34730.21187,540346.4733,0,52136.085,52295.79,51428.82,19192.8225,34242.665,13524.7,36594.65882,47201.06773,23755.99711,43383.29809,1.264181861,0.728975189,48.80884557,25.69328862,5.132165267,23,10922.85029,0,70.74038921,26.18565006,2.856091494,23
2021-02-18,50270.6097,53807.9,50270.6097,52482.505,79.46918674,73.51436371,21368.73304,32975.42845,561715.2064,0,51854.47888,52429.0145,51126.73375,18962.932,34069.132,13524.7,37162.0819,48161.32905,24041.83301,44210.49872,1.350064786,0.70037808,50.2550182,26.21497056,4.798521951,23,11243.56776,0,71.72581153,27.61508103,2.314077388,23
2021-02-19,51376.55735,57600,51376.55735,55212.59,81.85006511,78.13718724,23996.66822,32692.88367,585711.8746,0,55825.84772,56569.84706,55310.77125,19034.1125,34240.091,13524.7,37806.7429,49443.3765,24351.9898,45210.68883,1.243090653,0.489300647,52.02857823,30.02236251,4.272279234,23,11495.99834,0,73.14824398,37.42579274,1.632669944,23
2021-02-20,53294.57368,57822.08,53294.57368,56308.6675,82.0192257,81.11282585,26074.97619,32089.52039,611786.8508,0,56612.055,57241.268,55982.842,19061.8725,34344.4686,13524.7,38467.52593,50691.61123,24669.96669,46219.59598,1.281274144,0.626620868,53.69706002,28.03505142,3.934250457,23,11586.84737,0,74.4885019,30.55692482,1.287824768,23
2021-02-21,54801.62059,58326.18,47650,54131.0225,74.36241593,79.41056891,52221.03691,33200.39438,664007.8877,0,56324.39625,57792.371,52988.09,19124.885,34581.3956,13524.7,39026.93652,51316.95873,24963.11152,46938.81658,0.754891197,0.952236584,52.12180391,23.34453396,12.12176475,23,11046.11112,0,69.5701397,18.83234989,21.07998553,23
2021-02-22,54466.32154,54990,44918.29,50435.7225,62.26773312,72.88312492,85910.07452,35998.83222,0,85910.07452,48821.07763,51213.10875,45673.66825,19124.885,34581.3956,13524.7,39434.39316,51156.73396,25216.57034,47256.71711,0.596282626,1.136499663,49.57737323,19.95297703,14.30112715,23,9756.416597,0,66.58825658,12.96578746,22.96235271,23
2021-02-23,52451.02202,52451.02202,45263.15,48757.8575,43.49757044,60.04257316,45723.37515,36223.87191,0,131633.4497,50360.88688,51045.6575,48002.2325,19124.885,35029.4104,13524.7,39767.37403,50720.57461,25450.812,47393.18442,0.861708702,1.340399783,47.21468759,17.94882056,12.86466499,23,8182.584178,0,63.81936511,10.14617883,17.96883819,23
2021-02-24,50604.43976,52000,48030,50172.21,36.32418424,47.3631626,29139.83797,36313.34827,0,160773.2876,50163.875,50908.25,49221,19124.885,35029.4104,13524.7,40138.97531,50620.87195,25696.79606,47645.82311,1.278880238,1.267972244,45.02076521,16.93693016,12.13940113,23,6825.0501,0,61.2482516,8.821706943,15.6232043,23
2021-02-25,50388.32488,51356,44111,48473.04,32.83590036,37.55255168,51559.43864,36980.52107,0,212332.7263,46375.0625,47914.625,45197.75,19124.885,35029.4104,13524.7,40436.62048,50230.35705,25923.42535,47721.02465,0.897267053,1.097639057,42.04854929,15.24754019,16.32405005,23,5220.925544,0,60.9085616,6.797527176,24.4501496,23
2021-02-26,49430.68244,49430.68244,45075,46902.1925,31.84259156,33.66755872,29072.82833,36726.91896,0,241405.5546,47541.495,47917.74,46663.59,19124.885,35477.4252,13524.7,40667.53377,49625.23622,26132.16931,47646.58536,0.745273607,1.221479863,39.2886345,14.32258814,15.33379434,23,3353.019517,0,60.59313517,5.797788185,20.85417017,23
2021-02-27,48166.43747,48166.43747,43177.77,45168.9175,25.9381444,30.20554544,35403.87604,35995.02037,0,276809.4307,44661.21075,45705.1135,43727.1925,19124.885,35477.4252,13524.7,40828.29747,48814.99645,26321.58969,47421.34283,0.900128954,1.341335947,37.32989391,13.32553754,16.91382025,23,1175.904912,0,61.01823182,4.789347446,23.84179402,23
2021-02-28,46667.67749,49281.49,43000,46215.16,27.6175484,28.46609478,36843.10098,35238.99688,0,313652.5316,46219.26362,48496.30375,45355.55875,19124.885,35477.4252,13524.7,41020.68542,48342.29892,26519.53566,47311.68984,0.815885447,1.013237831,35.09152962,13.70728984,15.45492104,23,-482.3543875,0,59.68678839,7.575218891,18.71759293,23
2021-03-01,46441.41874,50196.94,46441.41874,48989.145,42.9569096,32.17086746,31386.14637,34917.55995,31386.14637,0,48790.07037,49278.168,48474.2425,19124.885,35925.44,13524.7,41305.27326,48459.9073,26743.11386,47464.18577,1.295947588,0.780112842,32.6771861,14.22353456,14.59550777,23,-1492.484818,0,57.13231271,9.818480057,15.99385677,23
2021-03-02,47715.28187,52637.83,47055,49786.89,59.27268649,43.28238149,35685.13092,35003.30313,67071.27729,0,51311.90788,52637.83,48729.849,19124.885,35925.44,13524.7,41608.18815,48701.17688,26972.40517,47675.3407,1.400302914,0.625431801,31.0683953,16.50846055,13.46492819,23,-2234.713288,0,54.01285451,16.70789975,12.74373921,23
2021-03-03,48751.08594,51768.6,48513,50119.0325,71.98652391,58.07204,34271.7511,35307.54374,101343.0284,0,49448.985,50791.92,49001.34,19124.885,35925.44,13524.7,41912.14687,48958.96881,27202.71987,47897.4945,1.234383398,0.822178826,29.57451814,15.74265043,12.84030434,23,-2712.346237,0,51.11621475,14.55231716,11.09959585,23
2021-03-04,49435.05922,50058.78,46300.75,48409.89,66.80553783,66.02158274,30129.70656,35729.80979,131472.735,0,47099.33138,48273.71575,46676.553,19124.885,36373.4548,13524.7,42144.20913,48859.1363,27413.73648,47944.07591,0.884857785,1.356070022,27.57203144,14.87131458,15.33642448,23,-3457.339934,0,48.92948699,12.23765307,18.54968016,23
2021-03-05,48922.47461,49444,46900,47871.135,51.5927438,63.46160184,20644.82961,35535.53152,0,20644.82961,48712.6,49126,47917.6,19124.885,36373.4548,13524.7,42348.74219,48679.4997,27617.29269,47937.44492,0.737004369,1.355901754,25.71257951,14.30327707,14.75062123,23,-4119.905544,0,46.89895407,10.80616864,16.37985412,23
2021-03-06,48396.8048,51255.91,47120,49056.3475,41.46547643,53.28791935,23604.52283,35307.10983,0,44249.35243,50583.82463,51049.1145,49187.955,19124.885,36373.4548,13524.7,42588.29953,48748.01748,27830.61662,48039.16333,1.122643868,0.820786508,24.43036022,16.15281033,13.82600199,23,-4457.253368,0,44.46854262,17.14467214,13.23397059,23
2021-03-07,48726.57615,51838.65,48726.57615,50677.21,49.09734404,47.38518809,29075.39811,35126.31013,29075.39811,0,50507.1955,51189.16,50149.976,19124.885,36373.4548,13524.7,42877.18919,49098.77976,28057.9459,48278.98576,1.25201162,0.669611571,23.4423311,16.27715408,13.15766582,23,-4362.336067,0,42.8352545,17.38648914,11.2091201,23
2021-03-08,49701.89308,54793.45,49701.89308,52620.795,65.64284044,52.06855364,29844.31259,34751.0342,58919.7107,0,53997.80312,54793.45,52565.63875,19124.885,36821.4696,13524.7,43225.17511,49739.14617,28302.35236,48673.69569,1.314725656,0.568783616,23.44301051,19.55438395,12.12498754,23,-3800.781665,0,43.49353867,27.07387871,8.537642749,23
2021-03-09,51161.34404,56466.94,51161.34404,54970.465,79.26755409,64.66924619,27108.71442,34953.22292,86028.42512,0,54012.96175,55347.5815,53711.596,19124.885,36821.4696,13524.7,43644.64975,50690.29504,28567.70672,49246.12926,1.234176405,0.554850251,23.88446724,20.52473204,11.14351813,23,-2648.173251,0,44.84342804,28.13235313,6.515110897,23
2021-03-10,53065.90452,57371.32,53065.90452,56072.3675,82.03471919,75.64837124,29094.66222,35339.51938,115123.0873,0,56087.66538,56982.33375,55504.186,19124.885,36821.4696,13524.7,44088.49681,51668.85367,28841.38493,49866.69637,1.350016381,0.731779531,24.51969016,20.55650353,10.40731169,23,-1217.149832,0,46.43848276,26.75161283,5.252863662,23
2021-03-11,54569.13601,58122,54569.13601,56613.3475,85.20982126,82.17069818,25658.13932,35422.59294,140781.2267,0,56770.5625,57426.975,56191.375,19124.885,36821.4696,13524.7,44535.81291,52567.85255,29117.72287,50480.02829,1.433656245,0.789386467,25.2944982,20.58824461,9.830164905,23,489.0840053,0,48.19289728,25.81508913,4.377947076,23
2021-03-12,55591.24175,60399,55591.24175,58281.8425,83.82658089,83.69037378,29066.95759,35572.19201,169848.1843,0,57006.23738,58891.1055,56198.43675,18915.2445,36961.85,13524.7,45026.74253,53606.75981,29407.91312,51189.28413,1.30205135,0.637864274,26.52994442,22.59011987,9.095134082,23,2489.294615,0,50.45685689,30.55106369,3.415634841,23
2021-03-13,56936.54213,61800,56936.54213,60543.405,84.11307426,84.3831588,11205.65264,33521.42279,181053.8369,0,61186.716,61683.184,60339.8,19076.3595,37179.597,13524.7,45580.90905,54867.96803,29717.719,52039.65876,1.244788875,0.619696225,27.95988899,23.05836311,8.410069445,23,4571.212889,0,52.83313468,30.17166843,2.672756836,23
